ORF,Promoter,Terminator
YIL001W,0,0
YDL006W,0,-1
YOL105C,0,0
YCL027W,1,-1
YOL016C,0,-1
YGL043W,-1,-1
YNL037C,0,-1
YOR184W,1,0
YHR002W,0,-1
YGR112W,1,1
YMR305C,0,-1
YLR415C,-1,1
YGR023W,0,0
YMR216C,0,-1
YDL195W,0,0
YPL184C,0,0
YMR127C,-1,0
YDR531W,-1,-1
YMR038C,1,0
YPL095C,1,-1
YDR353W,0,1
YIL002C,0,-1
YER154W,-1,-1
YJR060W,0,0
YLR059C,-1,1
YGL222C,1,1
YOR363C,1,0
YHL023C,1,-1
YPR075C,1,0
YGL044C,-1,-1
YOR185C,0,0
YFL065C,1,1
YGR202C,-1,1
YHR003C,1,-1
YKL060C,0,-1
YJL170C,1,1
YBR029C,0,1
YGR024C,-1,0
YJL081C,1,-1
YDR532C,0,-1
YDR443C,-1,0
YNL304W,0,-1
YNL215W,1,1
YER155C,1,-1
YJR150C,0,-1
YNL126W,1,-1
YIL009C-A,0,-1
YDR087C,1,1
YML058W,1,1
YNR017W,0,0
YPL273W,1,0
YKL189W,0,-1
YLR326W,0,-1
YLR237W,0,0
YDL007W,0,0
YLR148W,-1,-1
YNL305C,0,-1
YCL028W,-1,1
YPR164W,0,1
YMR001C-A,0,1
YGL133W,0,-1
YOR274W,0,-1
YBL049W,0,0
YDR194W-A,-1,1
YOR096W,0,-1
YCR008W,0,-1
YBR207W,1,-1
YML059C,0,-1
YGR113W,1,1
YBR118W,0,1
YLR327C,0,-1
YMR039C,0,1
YFR045W,0,-1
YDR354W,1,1
YLR149C,0,-1
YER066W,0,0
YDR265W,0,-1
YJR061W,0,-1
YGL223C,1,1
YDR176W,-1,1
YCL029C,-1,1
YAL030W,-1,-1
YOR275C,-1,-1
YLL040C,1,1
YHR192W,-1,-1
YOR097C,1,-1
YHR004C,1,1
YFL066C,1,-1
YCR009C,0,-1
YBR208C,0,-1
YJL171C,1,-1
YLR020C,-1,-1
YDR533C,0,0
YDL197C,0,1
YFR046C,1,-1
YNL216W,1,1
YER156C,-1,1
YJR151C,0,0
YBL010C,-1,-1
YOL017W,-1,-1
YNL127W,1,1
YDR266C,1,-1
YJR062C,-1,-1
YAL031C,-1,1
YNL038W,1,-1
YDR088C,0,1
YHR193C,-1,-1
YMR306W,0,1
YNR018W,0,1
YPL274W,0,1
YMR217W,0,-1
YMR128W,-1,1
YJL047C-A,1,1
YLR238W,0,-1
YPL096W,-1,-1
YIL003W,0,1
YDL008W,1,0
YHL024W,0,-1
YOL018C,-1,-1
YPR165W,1,-1
YGL134W,1,0
YOR186W,0,1
YGL045W,0,-1
YBR090C,1,1
YKL150W,0,-1
YGR203W,-1,1
YKL061W,0,-1
YBR119W,1,-1
YJL082W,0,-1
YMR218C,-1,-1
YPL186C,0,-1
YKR041W,0,0
YDR444W,-1,0
YLR239C,-1,-1
YIL004C,0,-1
YER067W,0,1
YDR177W,1,1
YOR365C,-1,1
YGL224C,1,-1
YPR166C,1,-1
YLL041C,1,0
YOR098C,0,1
YKL151C,0,0
YHR005C,0,1
YLR110C,0,-1
YDL198C,1,1
YDR534C,0,0
YFR047C,0,1
YNL306W,0,-1
YOL107W,-1,0
YNL217W,1,1
YNL128W,1,1
YDR267C,0,1
YNL039W,1,1
YML007C-A,0,1
YAL032C,1,-1
YMR307W,1,-1
YLR417W,-1,-1
YNR019W,1,-1
YMR129W,1,1
YLR328W,0,1
YPL097W,-1,-1
YNL307C,0,0
YOL108C,-1,0
YHL025W,0,0
YML020W,-1,1
YGL135W,0,1
YOR276W,-1,0
YDR374W-A,-1,-1
YOR187W,1,1
YBR091C,1,1
YKL062W,0,0
YGR204W,1,-1
YFL067W,1,-1
YJL172W,0,-1
YMR308C,0,-1
YJL083W,0,0
YGR026W,-1,-1
YLR021W,-1,-1
YLR418C,-1,-1
YGR146C-A,0,1
YPL098C,-1,1
YKR042W,0,-1
YJR152W,0,0
YER157W,-1,0
YDR356W,1,-1
YBL011W,1,-1
YER068W,1,0
YJR063W,-1,1
YML110C,0,-1
YPR167C,-1,1
YHL026C,0,-1
YDR178W,1,-1
YML021C,-1,-1
YPR078C,0,1
YGL136C,0,-1
YDR089W,0,-1
YHR194W,-1,1
YLL042C,0,-1
YAL063C-A,0,0
YKL152C,0,0
YKL063C,0,-1
YMR001C,1,0
YJL173C,0,-1
YGR027C,0,-1
YJL084C,0,-1
YLR022C,0,-1
YDL199C,1,1
YBL101C,-1,-1
YKR043C,-1,-1
YNL218W,0,1
YER158C,0,0
YDR357C,-1,-1
YOL019W,1,-1
YNL129W,-1,1
YDL159W-A,-1,1
YDR179C,-1,-1
YBR180W,0,-1
YMR190C,-1,-1
YMR219W,-1,1
YLR329W,1,1
YPL187W,0,-1
YIL005W,0,-1
YDR050C,0,0
YNL308C,0,-1
YGL225W,0,-1
YNL219C,0,-1
YBR270C,-1,1
YCR071C,1,-1
YOR188W,1,1
YGL047W,-1,0
YBR181C,0,-1
YBR092C,1,1
YOR099W,0,-1
YFL068W,0,1
YGR205W,-1,1
YHR006W,0,0
YLR200W,-1,-1
YMR309C,1,0
YGR116W,1,-1
YPL277C,0,1
YFR048W,0,1
YDR446W,0,-1
YPL099C,1,-1
YJR153W,0,0
YER069W,0,0
YDR268W,0,0
YJR064W,1,-1
YAL033W,0,-1
YHR195W,1,1
YGL048C,-1,1
YFR031C-A,0,1
YHR007C,0,0
YDL070W,0,-1
YLR201C,1,-1
YGR117C,-1,-1
YLR023C,0,0
YOL080C,-1,-1
YDR447C,0,-1
YOL109W,1,0
YER159C,0,0
YOR060C,-1,1
YJR065C,-1,-1
YAL034C,0,-1
YMR280C,0,0
YEL050C,0,0
YDL160C,-1,0
YBL039W-B,0,-1
YLR419W,-1,0
YAR014C,0,0
YPL188W,1,0
YLR406C-A,0,1
YIL006W,-1,0
YNL001W,-1,0
YDR051C,1,0
YDL130W-A,1,1
YML111W,0,-1
YGL226W,-1,0
YPR168W,-1,1
YOR367W,-1,1
YHL027W,0,-1
YML022W,-1,-1
YCR072C,1,1
YPR079W,0,0
YGL137W,-1,-1
YOR278W,0,-1
YBR182C,1,0
YOR189W,1,0
YLL043W,0,-1
YBR093C,0,1
YMR002W,0,1
YGR206W,1,-1
YKL064W,0,-1
YJL174W,0,-1
YPL278C,1,0
YGR028W,0,1
YJL085W,-1,-1
YNL190W,0,0
YDR536W,0,0
YFR049W,1,-1
YBL102W,0,-1
YKR044W,-1,-1
YJR154W,0,0
YBL013W,-1,1
YNL002C,-1,1
YIL007C,-1,-1
YDR358W,-1,-1
YML023C,-1,-1
YGL138C,-1,-1
YOR279C,1,-1
YHR196W,1,1
YMR191W,-1,1
YLR390W,-1,1
YGL049C,1,-1
YBR058C-A,1,1
YHR008C,0,1
YGR207C,-1,-1
YKL065C,0,-1
YLR024C,0,0
YER030W,-1,-1
YNL280C,0,-1
YBR296C-A,-1,0
YDR140W,-1,-1
YBL103C,0,0
YKR045C,1,-1
YNL309W,-1,-1
YDR359C,0,-1
YBL014C,-1,0
YBR271W,-1,-1
YOR376W-A,0,0
YDL072C,0,-1
YPL189W,0,1
YER031C,-1,-1
YDR141C,1,-1
YDR052C,0,1
YML112W,1,0
YPR169W,1,0
YHL028W,0,0
YHR143W-A,0,-1
YGL227W,1,-1
YOR368W,1,-1
YCR073C,-1,1
YBR272C,1,-1
YIL014C-A,0,0
YKL154W,-1,0
YPL060W,1,0
YMR003W,1,1
YGR118W,-1,-1
YLR113W,0,0
YGR029W,1,0
YOL081W,0,-1
YPL279C,0,0
YNL191W,0,0
YPR040W,-1,1
YDR448W,0,-1
YJR155W,0,-1
YNL003C,1,-1
YOR150W,0,0
YJR066W,-1,-1
YOR061W,-1,-1
YAL035W,-1,1
YHL029C,0,-1
YFL030W,0,-1
YOR369C,0,-1
YMR281W,0,-1
YMR192W,1,0
YLL045C,0,1
YHR197W,1,-1
YEL051W,1,0
YDL161W,-1,-1
YKL155C,-1,-1
YHR009C,0,0
YLR203C,-1,1
YFR010W,1,-1
YAR015W,0,-1
YER120W,-1,0
YGR119C,1,-1
YJL176C,0,-1
YLR114C,0,0
YJL087C,-1,-1
YBL104C,0,1
YKR046C,1,1
YDR449C,0,-1
YJR156C,0,-1
YOR151C,0,0
YJR067C,-1,-1
YOR062C,0,-1
YBR183W,0,1
YAL036C,-1,-1
YBR094W,0,-1
YMR282C,1,-1
YHR198C,1,-1
YLR392C,0,-1
YFR011C,0,-1
YDR320C,1,1
YMR175W-A,1,1
YDR231C,0,-1
YDR142C,1,1
YIL008W,0,-1
YML113W,-1,1
YGL228W,0,1
YEL020W-A,1,0
YML024W,0,-1
YBR273C,-1,1
YGL139W,0,-1
YBL100W-C,-1,0
YPL150W,0,1
YBR095C,-1,-1
YPL061W,0,1
YMR004W,1,1
YGR208W,-1,-1
YOL082W,0,0
YLR025W,0,-1
YNL281W,1,-1
YDR538W,0,1
YNL192W,1,0
YJL052C-A,-1,0
YPR041W,1,0
YGL010W,-1,-1
YBL015W,0,0
YML114C,-1,1
YGL229C,0,1
YFL031W,0,0
YML025C,0,0
YMR193W,0,1
YLL046C,1,1
YEL052W,-1,1
YPL240C,0,1
YPL151C,0,-1
YGR209C,1,-1
YDL073W,-1,-1
YER121W,0,-1
YER032W,-1,-1
YLR026C,1,-1
YOR330C,-1,1
YPR131C,-1,-1
YBL105C,1,1
YPR042C,0,0
YOR152C,0,0
YGL011C,-1,-1
YBR184W,1,-1
YGR090W,0,1
YMR283C,0,1
YHR199C,1,1
YEL053C,-1,0
YOR011W-A,0,0
YDR410C,1,-1
YDL074C,-1,0
YER122C,-1,-1
YER033C,0,-1
YDR143C,1,1
YIL009W,0,0
YNL004W,-1,-1
YDR054C,0,0
YCR075C,-1,-1
YGR180C,0,1
YBR185C,0,-1
YKL156W,1,-1
YKL067W,0,0
YLR204W,-1,-1
YMR005W,1,-1
YLR115W,0,1
YJL177W,0,-1
YOL083W,1,0
YNL282W,0,1
YJL088W,1,-1
YNL193W,0,1
YDR539W,1,0
YGL100W,1,1
YOR241W,1,-1
YBL016W,0,0
YNL005C,-1,-1
YJR068W,-1,-1
YML115C,1,-1
YOR063W,0,-1
YAL037W,0,-1
YML026C,0,-1
YPL241C,1,1
YLR393W,0,1
YMR194W,1,0
YFR012W,0,0
YLR205C,0,-1
YMR006C,0,-1
YDR321W,-1,0
YJL178C,0,-1
YLR027C,0,1
YNL283C,0,0
YDR232W,0,-1
YNL194C,0,1
YBL106C,1,1
YKR048C,1,1
YOR242C,1,-1
YBL017C,0,1
YHR070W,-1,0
YBR274W,-1,-1
YJR069C,1,-1
YOR064C,0,-1
YFL033C,0,-1
YGR091W,1,1
YBR096W,-1,1
YEL054C,0,0
YDR500C,0,-1
YDL164C,-1,-1
YIL070C,1,1
YDR411C,-1,1
YAR018C,0,-1
YDR233C,0,-1
YDR144C,0,1
YHR160C,1,-1
YCR076C,1,-1
YBR275C,0,-1
YKL157W,0,1
YPL152W,1,-1
YKL068W,0,0
YPL063W,-1,0
YLR116W,1,-1
YOL084W,0,1
YJL089W,0,1
YPR132W,-1,-1
YGL101W,1,1
YPR043W,0,-1
YOR153W,0,1
YJR158W,0,0
YGL012W,0,-1
YAL038W,0,-1
YMR284W,0,-1
YMR195W,0,0
YLL048C,1,-1
YLR394W,1,-1
YPL242C,1,-1
YPL153C,-1,0
YFR013W,0,-1
YDL075W,0,0
YPL064C,-1,-1
YER123W,-1,0
YDR322W,0,-1
YLR117C,1,-1
YLR028C,0,0
YER034W,0,1
YNL284C,0,0
YNL195C,1,1
YPR133C,-1,-1
YBL107C,1,0
YOR243C,-1,1
YKR049C,0,1
YDR055W,0,-1
YGL013C,0,-1
YBL018C,1,-1
YHR071W,0,0
YGR270W,0,1
YBR186W,0,1
YAL039C,0,0
YGR181W,0,-1
YGR092W,1,1
YBR097W,1,1
YMR285C,-1,-1
YEL055C,0,-1
YLR395C,1,-1
YIL160C,-1,-1
YAR019C,0,0
YDL076C,0,0
YIL071C,1,-1
YFR014C,1,-1
YLL066W-B,0,-1
YDR323C,1,1
YER124C,0,0
YJR030C,1,0
YNL006W,0,-1
YDR056C,-1,-1
YML116W,0,-1
YHR161C,0,1
YML027W,0,-1
YCR077C,-1,1
YBR276C,-1,0
YKL069W,0,0
YLR206W,0,1
YJL179W,-1,-1
YML054C-A,0,1
YOR332W,-1,1
YNL007C,0,1
YBR111W-A,-1,-1
YJR159W,0,0
YOR154W,1,-1
YOR065W,0,0
YFL034W,0,-1
YJL050W,1,1
YMR196W,0,-1
YHR079C-A,1,0
YPL154C,0,1
YDR501W,0,-1
YDL165W,-1,-1
YKL159C,0,-1
YMR008C,0,0
YDR412W,-1,-1
YLR118C,-1,1
YDR234W,0,1
YLR029C,0,0
YER035W,1,-1
YOL086C,0,-1
YNL196C,1,0
YDR145W,0,-1
YBR201C-A,0,-1
YPR045C,-1,-1
YOR155C,1,-1
YHR072W,0,1
YGR271W,1,-1
YDR461C-A,-1,-1
YBR187W,1,-1
YGR093W,1,1
YBR098W,1,-1
YLR396C,1,1
YMR197C,0,-1
YDL166C,-1,1
YDR502C,0,-1
YFR015C,0,1
YDL077C,0,0
YKR010C,1,0
YDR324C,-1,1
YJR031C,-1,1
YER036C,0,-1
YDR146C,0,-1
YML117W,1,0
YML028W,1,0
YOR381W-A,0,0
YGR183C,1,-1
YBR188C,-1,-1
YLL049W,-1,-1
YPL243W,-1,-1
YLR207W,1,1
YPL065W,1,-1
YPR134W,1,1
YGL103W,0,1
YOR244W,-1,-1
YGL014W,0,-1
YBL019W,1,-1
YNL008C,1,-1
YOR066W,0,-1
YJL140W,0,-1
YMR286W,-1,-1
YJL051W,0,1
YEL056W,0,-1
YPL244C,-1,-1
YPL155C,1,1
YIL161W,1,-1
YIL072W,0,-1
YJR120W,0,1
YER125W,0,0
YOL087C,0,0
YDR235W,1,-1
YNL197C,0,0
YGL104C,0,-1
YDR057W,-1,-1
YOR245C,1,-1
YOR156C,1,1
YHR162W,0,1
YGL015C,0,-1
YLL010C,0,-1
YHR073W,0,0
YOR067C,-1,-1
YGR094W,1,-1
YJL141C,0,-1
YMR287C,-1,-1
YOL166W-A,0,0
YLR397C,1,1
YEL057C,0,-1
YDR503C,1,0
YDL167C,1,-1
YKR100C,0,0
YFR016C,0,0
YDL078C,0,0
YIL073C,0,1
YKR011C,0,1
YDR414C,1,-1
YER126C,-1,0
YDR236C,0,-1
YAL001C,0,-1
YML118W,0,1
YDR058C,0,-1
YML029W,1,1
YGR273C,0,1
YGR184C,0,1
YLR363W-A,-1,1
YGR095C,-1,-1
YPL066W,-1,1
YMR009W,0,1
YLR208W,1,-1
YLR119W,-1,-1
YBL080C,0,-1
YNL286W,1,0
YPR135W,1,1
YOR334W,1,-1
YPR046W,-1,1
YBR060C,0,1
YDR363W-A,0,-1
YKL120W,0,-1
YHR050W-A,1,1
YFL036W,0,-1
YJR005C-A,-1,-1
YMR198W,0,0
YJL052W,-1,0
YIL162W,0,1
YPL156C,1,-1
YPL067C,-1,1
YLR209C,-1,-1
YJR121W,1,0
YDR325W,-1,-1
YOL088C,0,1
YER037W,0,-1
YJR032W,-1,-1
YDR147W,0,-1
YOR335C,0,-1
YOR246C,0,1
YOR157C,-1,1
YHR163W,1,-1
YCR079W,-1,1
YBR278W,-1,1
YHR074W,0,-1
YOR068C,0,-1
YBR189W,-1,0
YKL032C,0,0
YLR090W,0,1
YLR398C,0,1
YDR504C,1,1
YIL074C,1,1
YFR017C,1,0
YDL079C,0,1
YDR415C,-1,1
YDR326C,0,-1
YER038C,1,-1
YJR033C,-1,-1
YDR148C,0,-1
YNL009W,1,-1
YDR059C,0,0
YML119W,0,0
YHR164C,0,-1
YGR274C,-1,0
YHR075C,0,-1
YGR185C,-1,0
YPL245W,-1,-1
YNL287W,0,1
YPR047W,1,1
YGL105W,1,-1
YGL016W,1,-1
YBR150C,0,-1
YKL210W,0,-1
YLL011W,1,-1
YBR061C,1,0
YKL121W,0,0
YFL037W,-1,0
YMR288W,-1,1
YMR199W,0,1
YPL246C,-1,1
YEL058W,0,-1
YJL053W,1,0
YFL034C-A,0,1
YKR101W,0,0
YDL168W,0,-1
YPL068C,1,1
YFL034C-B,1,-1
YJR122W,0,0
YER127W,-1,1
YDR237W,0,-1
YOL089C,1,-1
YNL199C,0,1
YAL002W,0,-1
YKL211C,0,-1
YBR279W,1,-1
YKL122C,0,-1
YMR070W,0,-1
YFL038C,-1,0
YLR180W,0,-1
YLR091W,1,1
YGR096W,-1,0
YLR399C,0,0
YDR505C,0,1
YIL164C,0,1
YDL169C,0,-1
YFR018C,-1,1
YIL075C,1,-1
YBL081W,0,-1
YER039C,1,1
YML091C,0,1
YDR238C,1,-1
YCR040W,-1,-1
YNR050C,0,1
YKL033W-A,1,1
YHR165C,1,0
YMR071C,-1,-1
YDL040C,0,1
YMR122W-A,0,0
YLR181C,-1,-1
YPL157W,0,-1
YCL061C,1,-1
YNL288W,0,0
YDR020C,-1,1
YBL082C,0,1
YOR336W,0,1
YPR137W,1,0
YBR240C,0,0
YGL106W,-1,1
YOR247W,0,-1
YPR048W,1,-1
YGL017W,-1,1
YLL012W,0,1
YOR158W,-1,-1
YBR062C,1,1
YOR069W,-1,-1
YKL033W,1,0
YJL143W,1,-1
YMR289W,1,-1
YPL247C,1,1
YJL054W,1,1
YKR102W,0,0
YPL158C,0,1
YDR416W,-1,0
YKR013W,0,-1
YNL070W,1,-1
YPL069C,1,-1
YER128W,1,0
YJR123W,0,-1
YJR034W,-1,1
YAL003W,0,0
YPR138C,0,0
YGL107C,-1,1
YPR049C,-1,-1
YMR160W,-1,1
YGL018C,-1,-1
YLL013C,0,-1
YOR159C,-1,-1
YLR270W,1,1
YHR076W,0,-1
YGR275W,-1,-1
YGR186W,-1,-1
YFL039C,0,-1
YGR097W,0,-1
YLR092W,1,-1
YIL165C,1,0
YDR506C,0,0
YKR014C,0,-1
YDR328C,1,0
YJR124C,1,-1
YDR239C,1,1
YML092C,1,-1
YBR151W,0,1
YNR051C,0,0
YHR166C,-1,1
YEL020C,1,0
YHR077C,0,-1
YGR276C,1,-1
YGR187C,0,-1
YGR098C,-1,-1
YLR093C,1,-1
YNL289W,0,0
YOR337W,1,1
YBR241C,0,0
YCR042C,0,-1
YHR132W-A,-1,-1
YKL212W,-1,-1
YBR063C,1,1
YAL044W-A,-1,-1
YKL034W,1,1
YHL048C-A,0,0
YJL144W,1,1
YLR159C-A,1,-1
YPL248C,1,1
YJL055W,-1,1
YKR103W,0,1
YNL160W,0,0
YPL159C,1,0
YNL071W,1,1
YFR019W,-1,0
YIL076W,0,-1
YER129W,0,-1
YOR030W,0,0
YER007C-A,0,-1
YJR035W,1,-1
YPR139C,-1,0
YGL108C,1,1
YMR250W,0,1
YOR249C,1,-1
YKL213C,-1,1
YLR360W,1,-1
YMR161W,1,0
YDL130W,1,1
YLR271W,1,-1
YMR072W,-1,-1
YLR182W,-1,-1
YJL056C,-1,1
YIL166C,0,0
YDR507C,0,0
YDR110W,-1,-1
YKR015C,0,0
YIL077C,0,-1
YDR021W,-1,-1
YPR010C,0,-1
YJR125C,1,1
YDR329C,-1,1
YJR036C,0,-1
YBR152W,1,1
YAL005C,0,0
YNR052C,1,0
YDL220C,-1,1
YLR361C,1,-1
YMR162C,1,0
YGR277C,-1,1
YLR272C,0,-1
YMR073C,1,-1
YGR188C,0,0
YDL042C,1,1
YLR183C,0,-1
YLR094C,1,1
YDR200C,-1,1
YDR111C,0,-1
YDR022C,0,-1
YBL084C,1,-1
YOR338W,1,-1
YCR043C,1,0
YGL019W,-1,-1
YLL014W,1,-1
YKL124W,1,-1
YFR012W-A,0,0
YKL035W,1,1
YPL030W,0,1
YJL145W,1,1
YOL140W,1,-1
YPL249C,1,1
YOL051W,0,1
YNL250W,0,-1
YNL161W,1,0
YKR104W,1,0
YDR418W,0,0
YNL072W,1,1
YOR120W,0,-1
YML093W,1,-1
YOR031W,0,-1
YOR339C,1,-1
YMR251W,1,0
YLR450W,0,1
YGR169C-A,-1,1
YEL021W,1,1
YKL214C,1,1
YHR167W,-1,1
YDL131W,0,1
YHR078W,0,-1
YPL031C,0,0
YGR099W,-1,1
YJL057C,1,1
YER001W,0,0
YOL052C,0,0
YNL251C,0,1
YCL063W,-1,-1
YDR508C,0,0
YKR105C,0,0
YPR011C,0,1
YBR089C-A,1,1
YJR126C,1,1
YBR242W,0,-1
YOR032C,0,-1
YBR153W,1,-1
YNR053C,1,1
YBL091C-A,1,-1
YMR252C,1,-1
YMR163C,0,1
YMR074C,0,1
YLR273C,0,0
YHR079C,0,-1
YDL043C,1,1
YGR189C,0,0
YER190W,1,-1
YLR095C,-1,1
YCL064C,-1,0
YCL058W-A,-1,-1
YCR044C,1,1
YBR243C,0,-1
YLL015W,0,1
YBR154C,0,-1
YBR065C,1,1
YKL125W,1,1
YPL120W,-1,-1
YOL141W,1,1
YJL146W,0,1
YDR390C,0,-1
YNL162W,0,1
YPR100W,-1,1
YDR419W,0,0
YNL073W,-1,1
YIL078W,-1,-1
YKR016W,0,-1
YOR210W,0,-1
YML094W,-1,1
YFL001W,-1,0
YLR451W,1,0
YHR168W,1,1
YEL022W,0,1
YKL215C,1,0
YLR362W,-1,-1
YPL210C,1,-1
YDL132W,0,0
YPL121C,-1,1
YHR214C-D,1,0
YGR278W,-1,-1
YPL032C,0,0
YHR214C-E,0,1
YJR010C-A,1,-1
YJL147C,0,-1
YER002W,0,-1
YDR201W,-1,-1
YJL058C,1,-1
YNL252C,1,-1
YNL163C,-1,1
YGL080W,1,1
YIL079C,-1,0
YDR023W,0,0
YBL085W,0,-1
YKR017C,1,-1
YNL074C,-1,-1
YOR211C,0,-1
YJR127C,0,1
YOR122C,1,-1
YML095C,-1,-1
YOR033C,1,-1
YFL002C,-1,0
YAL007C,0,-1
YNR054C,0,1
YMR253C,0,1
YGR060W,0,-1
YLR452C,1,0
YDL222C,1,1
YMR164C,1,0
YEL023C,0,0
YLR363C,-1,-1
YGR279C,0,-1
YDL044C,1,1
YER003C,-1,-1
YDR202C,-1,-1
YDR113C,1,0
YGL170C,0,-1
YBL086C,0,1
YCR045C,1,1
YGR150C,0,-1
YBR066C,0,1
YKL126W,1,1
YGR061C,1,-1
YKL037W,1,1
YOL142W,-1,1
YDR391C,0,0
YOL053W,1,-1
YKR106W,0,0
YPR101W,1,-1
YHR169W,1,1
YPL122C,1,1
YDL133W,0,0
YLR274W,0,1
YMR075W,0,-1
YLR185W,0,1
YPL033C,0,-1
YLR096W,-1,-1
YOL143C,-1,-1
YIL169C,0,0
YNL164C,1,-1
YPR102C,0,-1
YGL081W,1,1
YPR013C,0,0
YKR018C,1,1
YOR123C,1,1
YOR034C,1,1
YHR040W,-1,-1
YBR244W,0,-1
YFL003C,0,-1
YBR155W,0,-1
YNR055C,0,0
YLR453C,0,1
YDL223C,1,0
YMR165C,0,1
YDL134C,0,1
YDR480W,0,-1
YMR076C,0,-1
YDL045C,1,-1
YLR097C,1,-1
YDR114C,-1,1
YBL087C,1,1
YGR240C,0,0
YCR046C,1,1
YHR041C,0,-1
YBR245C,-1,-1
YPL189C-A,0,0
YBR156C,1,-1
YKL216W,0,0
YPL211W,-1,-1
YGR062C,1,1
YBR067C,0,0
YKL127W,0,1
YKL038W,0,1
YDR481C,1,-1
YJL148W,0,-1
YOL054W,0,1
YJL059W,1,-1
YNL253W,0,-1
YOR301W,1,1
YNL075W,1,-1
YOR212W,0,-1
YJR039W,0,1
YML096W,-1,-1
YAL008W,1,-1
YLR364W,1,0
YLL018C,0,0
YEL024W,0,0
YPL212C,-1,-1
YKL128C,0,0
YLR275W,1,-1
YPL123C,1,-1
YIL040W,1,1
YLR186W,1,1
YLR262C-A,0,0
YGL260W,-1,0
YER004W,-1,1
YNL254C,0,1
YCL066W,-1,0
YOL055C,0,-1
YGL171W,1,-1
YGL082W,1,1
YKR019C,-1,1
YDR025W,0,-1
YOR213C,1,-1
YOR124C,1,1
YJR129C,1,0
YOR035C,-1,1
YML097C,-1,0
YNR056C,1,0
YMR166C,-1,0
YJL020C,-1,0
YEL025C,0,-1
YDL224C,0,-1
YMR077C,1,0
YDL135C,1,-1
YLR276C,1,-1
YDR392W,0,1
YLR098C,1,1
YCL067C,-1,1
YGL261C,-1,-1
YDR026C,1,-1
YBL088C,1,-1
YHR131C,0,0
YGR241C,0,1
YCR047C,-1,1
YGR152C,0,0
YBR157C,0,1
YKL217W,0,0
YGR063C,1,1
YBR068C,0,0
YKL039W,0,0
YPL034W,0,-1
YDR482C,-1,1
YJL149W,0,0
YOL144W,-1,-1
YCL021W-A,0,0
YOR302W,1,1
YNL165W,-1,-1
YPR103W,0,-1
YNL076W,0,1
YOR034C-A,1,1
YAL009W,-1,1
YFL004W,0,-1
YLR454W,0,0
YMR255W,0,-1
YKL218C,0,0
YLL019C,0,-1
YKL129C,0,1
YIL130W,0,-1
YDL046W,0,1
YLR187W,1,1
YIL041W,-1,1
YOL145C,-1,-1
YER005W,1,1
YDR204W,-1,1
YNL255C,1,-1
YCR028C-A,1,0
YGL172W,0,1
YNL166C,-1,0
YDR115W,-1,-1
YPR104C,0,-1
YPR015C,0,0
YOR214C,1,1
YIR021W,0,1
YGL083W,0,1
YOR125C,1,1
YHR042W,0,-1
YBR246W,-1,-1
YPR108W-A,1,1
YNR057C,-1,1
YJL110C,1,-1
YMR256C,0,-1
YLR277C,0,1
YIL131C,0,1
YMR078C,-1,1
YOL155W-A,1,0
YDR393W,1,1
YIL042C,-1,1
YLR099C,-1,1
YCL068C,1,-1
YGL173C,0,-1
YDR116C,1,-1
YDR027C,0,1
YGL084C,0,-1
YHR132C,-1,0
YHR043C,0,-1
YBR247C,1,-1
YPL213W,-1,-1
YBR069C,0,0
YPL124W,1,-1
YOL056W,1,-1
YOR303W,1,1
YNL077W,1,0
YGL007C-A,0,1
YOR036W,-1,1
YML098W,-1,0
YFL005W,1,0
YLR455W,0,0
YEL026W,0,-1
YDL225W,-1,-1
YMR167W,-1,-1
YPL214C,-1,-1
YDL136W,0,-1
YDL047W,0,0
YLR188W,1,-1
YER006W,1,1
YDR205W,1,0
YJR001W,0,1
YGL262W,0,-1
YNL167C,0,0
YPR105C,-1,0
YIR022W,1,0
YPR016C,1,0
YOR215C,1,1
YBL089W,1,-1
YOR126C,-1,1
YCR048W,-1,-1
YML099C,-1,-1
YBR158W,0,1
YGR153W,0,-1
YKL001C,0,-1
YJL200C,0,-1
YMR257C,0,0
YDL226C,-1,0
YMR168C,1,-1
YIL132C,1,1
YLR278C,1,0
YDR483W,-1,1
YKR080W,0,-1
YIL043C,1,1
YDR394W,1,1
YDL048C,0,0
YLR189C,0,-1
YDR117C,-1,1
YDR028C,0,0
YHR133C,-1,-1
YBR248C,1,1
YAR050W,0,0
YHR044C,0,0
YGR154C,0,-1
YKL219W,0,0
YGR065C,0,1
YPL125W,1,1
YPL036W,0,0
YKR081C,-1,-1
YOL146W,-1,-1
YOL057W,1,1
YNL256W,-1,-1
YOR304W,1,0
YNL078W,0,1
YOR037W,1,-1
YNL130C-A,-1,1
YNR058W,-1,0
YJR094W-A,0,0
YGR174W-A,-1,-1
YJL111W,1,-1
YLR456W,0,-1
YLR367W,0,1
YEL027W,0,0
YDL137W,0,0
YMR079W,-1,0
YLR156C-A,1,-1
YPL037C,0,-1
YOL147C,-1,1
YGL263W,0,0
YNL257C,-1,1
YER007W,1,-1
YDR206W,0,-1
YCL069W,0,-1
YJR002W,1,-1
YNL168C,0,1
YGL174W,-1,-1
YPR017C,0,1
YOR216C,-1,1
YNL079C,0,0
YIR023W,0,-1
YGL085W,1,-1
YKL190W,1,0
YGR243W,0,-1
YOR038C,-1,-1
YBR159W,1,1
YMR258C,1,0
YLR060W,-1,1
YLR457C,0,-1
YMR169C,0,1
YJL023C,0,0
YDL227C,0,-1
YIL133C,1,-1
YDR484W,1,-1
YBL050W,-1,0
YIL044C,1,-1
YDR395W,1,-1
YDL049C,0,-1
YDR207C,0,-1
YJR003C,1,-1
YGL175C,-1,1
YPL152W-A,-1,1
YBR030W,0,1
YIR024C,-1,-1
YBR249C,0,1
YGR244C,1,-1
YPL215W,1,-1
YGR066C,0,0
YPL126W,0,1
YCL030C,1,1
YDR485C,1,-1
YOL058W,0,1
YBL051C,-1,0
YOR305W,-1,-1
YPR106W,-1,-1
YCR010C,0,0
YOR304C-A,-1,0
YBR120C,1,-1
YOR127W,-1,-1
YFL007W,1,1
YKL002W,-1,-1
YJL201W,1,-1
YNR059W,0,0
YJL112W,0,1
YLR368W,1,1
YDL138W,0,0
YPL127C,0,0
YOL148C,1,-1
YNL258C,1,1
YML060W,-1,-1
YDR118W,-1,1
YNL169C,1,-1
YOR306C,0,-1
YPR107C,-1,-1
YGL086W,-1,1
YKL191W,-1,1
YHR134W,-1,-1
YOR128C,0,-1
YHR045W,0,-1
YMR040W,0,-1
YGR155W,0,1
YKL003C,-1,-1
YLR150W,0,-1
YMR259C,1,1
YLR061W,1,1
YEL029C,0,-1
YJL024C,0,-1
YDL139C,0,0
YKR082W,-1,-1
YML061C,-1,1
YJR004C,0,1
YGL176C,1,0
YBR031W,1,0
YGL087C,-1,0
YNR020C,-1,-1
YKL192C,-1,1
YHR135C,1,-1
YGR245C,1,1
YHR046C,1,-1
YMR041C,0,-1
YPL216W,0,1
YLR151C,1,-1
YGR067C,0,0
YCL031C,1,-1
YPL038W,1,-1
YDR486C,1,1
YCL005W-A,-1,0
YKR083C,1,-1
YOL059W,0,0
YDR397C,0,-1
YBL052C,0,-1
YCR100C,1,1
YCR011C,0,0
YPR018W,0,1
YMR251W-A,0,-1
YOR217W,-1,-1
YBR121C,0,1
YOR039W,-1,0
YFL008W,0,1
YDR246W-A,1,0
YLR369W,1,-1
YPL217C,0,-1
YIL134W,0,-1
YPL128C,0,-1
YNL040W,0,1
YIL045W,0,-1
YDR090C,0,-1
YNL259C,1,1
YDR208W,0,0
YER009W,0,-1
YDR119W,1,1
YOR307C,0,0
YIR025W,-1,-1
YBL059C-A,-1,-1
YOR129C,1,0
YMR130W,1,-1
YLR240W,-1,1
YDR524C-B,0,-1
YGR156W,1,0
YDL010W,0,1
YIL135C,1,-1
YNL130C,1,-1
YNL041C,0,-1
YBR210W,0,-1
YML062C,1,-1
YIR026C,1,-1
YKL193C,1,1
YHR136C,0,1
YMR131C,1,-1
YHR047C,0,1
YGR246C,0,1
YDL100C,-1,1
YLR152C,0,1
YGR068C,0,0
YPL039W,-1,1
YDR487C,1,1
YKR084C,1,1
YOL149W,1,-1
YCR101C,0,1
YPR108W,-1,1
YPR019W,1,1
YBR211C,0,-1
YBR122C,1,0
YNL024C-A,1,0
YFL009W,-1,0
YJL203W,-1,1
YDR524W-C,-1,-1
YKL004W,0,-1
YLR459W,0,0
YOL020W,0,1
YDL229W,1,-1
YJL025W,1,-1
YPL096C-A,-1,-1
YIL046W,1,0
YDR091C,0,0
YJR005W,0,-1
YOR308C,1,0
YMR220W,1,-1
YNR021W,-1,-1
YOR219C,-1,-1
YLR330W,1,0
YMR042W,0,0
YLR241W,1,-1
YJL204C,-1,1
YGR157W,0,-1
YKL005C,0,-1
YLR063W,1,1
YOL021C,0,0
YCL032W,-1,-1
YDR398W,0,0
YIL047C,-1,-1
YCR012W,0,-1
YMR310C,1,1
YIR027C,0,1
YGL089C,0,-1
YBR033W,0,-1
YMR221C,1,-1
YNR022C,-1,-1
YMR132C,0,1
YKL194C,1,-1
YDL101C,1,-1
YLR242C,-1,-1
YLR153C,1,0
YGR158C,1,-1
YDL012C,0,-1
YPL218W,1,-1
YER070W,0,-1
YPL129W,1,-1
YDR180W,1,-1
YCL033C,-1,-1
YDR488C,-1,1
YKR085C,-1,1
YCR102C,0,0
YPR109W,1,-1
YBR123C,0,1
YBR034C,1,-1
YKL006C-A,0,-1
YOL110W,-1,1
YJL115W,0,0
YFR050C,1,-1
YJL026W,-1,1
YNL220W,0,-1
YIL136W,0,-1
YER071C,-1,-1
YNL131W,1,-1
YDR181C,-1,-1
YNL042W,0,-1
YOR001W,0,1
YJR006W,-1,1
YML063W,0,-1
YOR298C-A,0,-1
YGL178W,0,0
YLR420W,0,-1
YHR137W,0,-1
YMR043W,0,0
YHR048W,0,1
YGR247W,0,1
YJL205C,1,1
YNL310C,-1,1
YJL116C,0,-1
YLR064W,1,-1
YOL111C,-1,-1
YJL027C,-1,-1
YNL221C,0,0
YOL022C,0,-1
YIL137C,0,1
YPR080W,0,-1
YDR399W,0,1
YOR190W,0,1
YBL054W,0,-1
YBR301W,0,0
YBR212W,0,1
YML064C,0,-1
YMR311C,0,1
YGL179C,0,0
YMR222C,-1,1
YLR421C,-1,-1
YPL190C,0,0
YHR138C,0,-1
YGR159C,0,1
YPL219W,1,1
YLR154C,0,1
YDR270W,0,1
YLR065C,-1,-1
YOR280C,1,1
YDR092W,0,0
YPR081C,1,-1
YBL055C,0,-1
YBR302C,0,0
YCR014C,1,-1
YBR035C,0,1
YGR030C,-1,0
YPL001W,-1,0
YKL006W,0,-1
YFR051C,0,1
YER161C,1,0
YNL132W,0,1
YIL048W,0,-1
YOR002W,1,1
YJR007W,1,1
YIR028W,0,1
YNR023W,-1,1
YMR133W,0,1
YKL195W,-1,-1
YLR332W,0,0
YHR049W,1,1
YGR248W,1,0
YDL102W,-1,-1
YLR243W,-1,-1
YMR044W,0,0
YJL206C,1,1
YDL013W,0,-1
YPL002C,-1,-1
YNL311C,1,-1
YCL034W,-1,-1
YIL138C,1,0
YNL133C,0,0
YDR489W,-1,-1
YKR086W,-1,-1
YGL050W,0,-1
YOR191W,1,0
YPL038W-A,1,1
YBR213W,1,1
YGR031C-A,0,-1
YPL191C,0,0
YHR139C,0,0
YKL196C,-1,0
YLR333C,0,0
YDL103C,-1,1
YLR244C,1,-1
YLR155C,0,1
YER072W,-1,0
YOR370C,1,0
YDR182W,-1,1
YCL035C,-1,-1
YDR093W,0,0
YPR082C,-1,1
YOR281C,-1,1
YGL140C,0,-1
YKR087C,1,-1
YOR192C,0,0
YCR015C,0,1
YGR120C,0,1
YBR125C,0,0
YBR036C,1,0
YKL007W,0,-1
YJL117W,1,-1
YOL112W,1,-1
YER162C,1,1
YDR361C,1,0
YJL028W,-1,-1
YNL222W,1,0
YOL023W,1,-1
YIL049W,1,0
YNL044W,1,0
YAL067W-A,-1,0
YOR003W,1,0
YJR008W,1,-1
YML065W,0,-1
YMR312W,0,-1
YIR029W,1,-1
YLR422W,-1,-1
YMR223W,-1,-1
YNR024W,1,-1
YPL280W,0,0
YHR007C-A,1,0
YMR134W,1,-1
YGR249W,0,0
YJL207C,1,1
YDL014W,-1,0
YCR075W-A,-1,-1
YKL008C,0,-1
YLR066W,-1,-1
YPR171W,1,1
YHL030W,0,-1
YJL029C,-1,-1
YNL134C,0,1
YIL139C,0,-1
YGL051W,1,0
YBL056W,-1,-1
YCR104W,0,0
YBR214W,1,1
YHR010W,0,1
YML066C,0,1
YJR009C,0,-1
YMR313C,-1,-1
YPL281C,0,0
YGR031W,-1,-1
YLR423C,-1,-1
YMR224C,1,-1
YKL197C,0,0
YMR135C,0,-1
YPL192C,0,-1
YLR245C,-1,1
YFR052W,0,-1
YDR450W,0,-1
YDL104C,1,-1
YDL015C,-1,-1
YER073W,0,0
YDR272W,1,1
YLR067C,-1,-1
YGL230C,1,1
YOR371C,0,1
YHL031C,0,1
YDR183W,1,-1
YKR088C,1,1
YBL057C,-1,-1
YHR100C,1,-1
YGR210C,0,1
YBR126C,0,0
YGR121C,-1,0
YBR037C,-1,1
YDR540C,0,0
YPL003W,-1,-1
YOL113W,-1,1
YJL118W,0,1
YFR053C,0,-1
YDR451C,0,-1
YNL312W,-1,-1
YOL024W,1,1
YER163C,0,1
YDR362C,-1,1
YNL223W,-1,1
YKL138C-A,1,-1
YNL045W,1,1
YDR184C,1,-1
YGR121W-A,-1,1
YOR004W,0,-1
YIL010W,1,-1
YJL208C,1,-1
YLR156W,0,-1
YPL004C,-1,-1
YNL313C,-1,-1
YOL114C,-1,-1
YNL224C,-1,1
YCL036W,-1,-1
YPR172W,1,-1
YPR083W,-1,1
YGL141W,-1,-1
YNL135C,1,-1
YOR193W,0,-1
YCR105W,0,0
YGL194C-A,1,-1
YHR011W,1,1
YCR016W,0,-1
YBR215W,1,-1
YML067C,1,-1
YOR005C,1,-1
YPL282C,0,0
YMR225C,1,1
YGR032W,0,-1
YNR026C,-1,-1
YKL198C,0,0
YMR047C,-1,0
YLR157C,0,1
YER074W,0,1
YDR273W,1,0
YHL032C,1,1
YCL037C,-1,0
YOR372C,-1,0
YGL231C,1,-1
YPR173C,1,-1
YGL142C,-1,1
YKR089C,0,1
YOR194C,-1,-1
YHR101C,0,1
YCR017C,0,-1
YBR216C,-1,-1
YBR127C,1,0
YJL090C,0,1
YGR033C,0,-1
YDR541C,0,0
YKL009W,-1,-1
YOL025W,0,1
YJR070C,1,1
YER075C,0,-1
YDR185C,1,1
YNL046W,-1,1
YMR314W,-1,1
YLR424W,-1,0
YLR335W,0,-1
YMR136W,0,-1
YPL193W,1,-1
YDL105W,-1,-1
YLR246W,-1,-1
YIL011W,0,1
YLR068W,-1,-1
YNL225C,1,1
YOL026C,0,1
YOR283W,-1,1
YPR084W,1,-1
YGL053W,0,1
YBL058W,1,-1
YNL047C,-1,-1
YCR106W,0,1
YOR006C,1,1
YGR211W,0,1
YHR012W,1,-1
YGR122W,1,0
YPL283C,0,0
YMR226C,1,1
YBR038W,-1,0
YLR336C,1,-1
YMR137C,-1,-1
YIL101C,0,1
YDR452W,0,-1
YDL106C,-1,-1
YLR247C,0,-1
YER164W,0,0
YDR363W,-1,0
YLR158C,0,1
YLR069C,1,-1
YHL033C,1,0
YPR174C,-1,1
YCL038C,0,-1
YGL143C,1,1
YDR096W,0,-1
YPR085C,-1,-1
YGL054C,0,0
YCR018C,0,0
YHR013C,0,-1
YBR128C,1,1
YGR123C,0,0
YJL180C,-1,-1
YJL091C,1,-1
YJL209W,1,-1
YPL005W,1,-1
YDR453C,0,-1
YNL314W,-1,-1
YOL115W,0,-1
YDR364C,1,-1
YJR160C,0,0
YER076C,0,0
YNL136W,-1,-1
YDR186C,0,1
YAL040C,0,-1
YDR097C,1,-1
YML068W,1,-1
YMR315W,1,1
YLR425W,0,1
YAR020C,0,0
YNR027W,-1,1
YPL194W,1,1
YMR048W,-1,-1
YDL017W,0,-1
YNL315C,-1,1
YBR221W-A,-1,-1
YOL027C,1,0
YOR373W,-1,1
YGL232W,1,-1
YOR284W,1,1
YNL137C,-1,-1
YBL059W,-1,1
YOR195W,-1,-1
YHR102W,0,0
YCR107W,1,0
YOR007C,0,1
YKL070W,1,0
YGR212W,1,-1
YBR217W,-1,-1
YBR039W,0,1
YMR227C,-1,1
YGR034W,0,-1
YDR542W,0,0
YLR337C,0,1
YIL102C,1,0
YFR055W,0,0
YKR050W,0,1
YMR049C,0,-1
YER165W,0,0
YDL018C,0,0
YIL013C,0,-1
YDR275W,0,0
YHL034C,0,1
YGL144C,1,-1
YLL050C,-1,1
YOR196C,-1,-1
YCR108C,0,0
YER093C-A,1,1
YGR213C,0,-1
YBR218C,1,-1
YBR129C,1,1
YGR035C,-1,-1
YPL006W,0,1
YOL116W,1,0
YDR454C,0,0
YDR365C,0,1
YJR161C,0,0
YOL038C-A,-1,-1
YER077C,1,0
YJR072C,1,1
YDR276C,0,0
YNL048W,-1,-1
YDR098C,0,1
YML069W,1,1
YMR316W,1,0
YLR426W,1,1
YNR028W,1,-1
YPL195W,1,1
YMR138W,-1,1
YGL226C-A,-1,-1
YLR248W,0,0
YDL107W,1,-1
YLR159W,0,-1
YPL007C,0,-1
YNL316C,1,-1
YGL233W,1,1
YOL028C,0,1
YNL227C,1,1
YCL039W,1,-1
YOR374W,1,-1
YPR175W,-1,-1
YOR285W,1,1
YPR086W,-1,-1
YNL049C,-1,1
YGL055W,0,0
YHR103W,0,1
YKL160W,0,-1
YOR008C,1,0
YKL071W,0,1
YHR014W,0,0
YCR019W,0,-1
YLR285C-A,1,-1
YGR124W,0,0
YJL181W,1,-1
YLR030W,0,1
YJL092W,0,-1
YNR029C,-1,-1
YKR051W,1,-1
YER166W,0,0
YDL019C,0,0
YBL020W,-1,1
YHL035C,1,-1
YAL041W,1,-1
YOR375C,0,-1
YPR176C,-1,-1
YLL051C,1,0
YGL056C,0,1
YKL161C,0,0
YBR219C,1,1
YLR120C,0,-1
YJL093C,0,1
YGR036C,0,-1
YOL117W,0,1
YKR052C,0,-1
YDR366C,-1,0
YBL021C,-1,1
YER078C,-1,1
YDR277C,0,0
YJR073C,-1,1
YNL138W,1,-1
YBR001C,1,0
YMR317W,0,-1
YLR427W,1,1
YMR228W,-1,-1
YPL196W,1,1
YMR139W,1,1
YLR249W,0,1
YDL108W,-1,1
YIL103W,-1,-1
YIL014W,0,-1
YGL234W,0,1
YML030W,1,1
YOL029C,1,-1
YKL053C-A,1,1
YGL145W,0,-1
YNL139C,-1,-1
YOR286W,1,-1
YOR197W,-1,-1
YHR104W,1,1
YMR010W,1,0
YKL072W,0,0
YGR214W,0,1
YHR015W,0,-1
YGR125W,0,1
YMR318C,0,-1
YLR031W,1,1
YMR229C,0,-1
YFR057W,0,0
YIL104C,-1,1
YDL109C,-1,1
YER167W,0,-1
YML120C,0,-1
YDR188W,0,1
YAL042W,-1,1
YGL146C,0,1
YDR099W,0,0
YOR287C,1,-1
YPR088C,-1,-1
YLL052C,0,1
YGL057C,1,-1
YOR198C,1,-1
YKL162C,0,0
YHR016C,-1,-1
YLR121C,0,0
YGR037C,0,0
YJL094C,1,-1
YPL183W-A,0,-1
YPL008W,-1,-1
YBL111C,0,1
YKR053C,1,0
YNL317W,-1,-1
YBL022C,1,1
YER168C,0,-1
YAL043C,-1,1
YBR002C,-1,1
YOR009W,0,-1
YDL080C,1,0
YAR023C,0,0
YNL010W,-1,1
YIL015W,1,0
YPL009C,-1,-1
YOL119C,0,1
YNL318C,-1,-1
YNL229C,1,1
YGL235W,-1,0
YML031W,-1,1
YHL036W,0,-1
YBR280C,1,-1
YHR105W,1,1
YMR100W,0,-1
YMR011W,0,0
YKL073W,-1,0
YGR215W,1,-1
YLR210W,-1,-1
YGR126W,1,1
YMR319C,0,0
YJL183W,1,1
YLR032W,1,1
YDR545W,0,0
YCL001W,-1,0
YDR456W,0,1
YIL105C,1,-1
YDR367W,-1,1
YNL011C,-1,-1
YER079W,1,1
YJR074W,-1,1
YGL236C,-1,1
YDR189W,1,-1
YML032C,-1,-1
YOR288C,-1,1
YGL147C,1,-1
YAL064C-A,0,0
YLL053C,1,1
YBR255C-A,1,-1
YMR101C,1,-1
YML058W-A,0,1
YKL074C,-1,1
YGR216C,-1,-1
YLR211C,1,-1
YCL002C,-1,-1
YBL112C,1,1
YDR060W,0,1
YKR054C,-1,1
YBL023C,1,-1
YCR081W,1,1
YOR070C,0,0
YBR191W,0,0
YAL044C,1,-1
YMR290C,0,-1
YEL060C,1,0
YLR429W,1,0
YDL081C,0,-1
YPL198W,-1,1
YNL100W,1,-1
YIL016W,-1,1
YML121W,0,-1
YOR377W,0,0
YPR178W,-1,-1
YBR281C,0,1
YPR089W,-1,-1
YER175W-A,-1,0
YGL058W,1,-1
YAL064W-B,-1,0
YLR300W,0,0
YHR106W,1,-1
YKL163W,0,0
YHR017W,-1,-1
YMR012W,0,-1
YJL184W,-1,1
YGR127W,1,-1
YNR032C-A,-1,-1
YGR038W,0,0
YJL095W,1,-1
YLR033W,1,-1
YOL090W,1,-1
YPL199C,-1,-1
YDR457W,1,-1
YER169W,0,1
YIL017C,-1,-1
YDR368W,1,-1
YDR279W,0,1
YJR075W,1,-1
YHL038C,0,-1
YGL237C,1,-1
YPR179C,-1,-1
YFR032C-A,1,1
YBR003W,-1,-1
YLL054C,1,0
YFR032C-B,1,1
YMR102C,0,1
YKL164C,0,0
YHR107C,-1,-1
YDL170W,0,-1
YLR212C,1,1
YHR018C,1,-1
YKL075C,1,-1
YMR013C,0,-1
YGR128C,-1,-1
YJL185C,-1,-1
YER040W,-1,1
YLR034C,1,-1
YDR150W,0,-1
YDR061W,1,0
YBL113C,1,0
YDR458C,1,-1
YDR369C,1,-1
YCR082W,1,1
YOR071C,0,0
YJR076C,0,-1
YBR192W,0,-1
YEL061C,0,-1
YBR004C,-1,-1
YDL171C,0,-1
YER130C,0,-1
YNL101W,0,1
YDR240C,0,1
YIL106W,0,-1
YDR151C,0,-1
YNL012W,1,-1
YOR378W,0,1
YDR179W-A,-1,1
YGL148W,0,-1
YOR289W,-1,0
YGL059W,1,1
YBR193C,-1,-1
YLR301W,0,0
YGR217W,-1,0
YPL070W,-1,-1
YOL091W,1,1
YJL096W,1,1
YNL290W,-1,0
YKR055W,-1,1
YIL107C,0,-1
YBL024W,0,-1
YOR160W,-1,-1
YML123C,0,1
YFL040W,1,-1
YMR291W,0,1
YKL165C,0,0
YHR019C,-1,1
YLR213C,0,1
YDL082W,0,-1
YPL071C,-1,-1
YER041W,1,1
YLR035C,0,1
YNL291C,-1,-1
YDR062W,0,0
YOR250C,1,1
YDR459C,-1,1
YGL020C,-1,-1
YOR161C,0,-1
YJR077C,0,0
YCR083W,1,-1
YBR282W,0,-1
YAL046C,-1,1
YDL083C,0,-1
YOR020W-A,0,0
YNL102W,1,0
YIL018W,0,-1
YHL039W,0,-1
YGL238W,1,-1
YML034W,0,-1
YCR084C,0,-1
YBR283C,0,-1
YLL055W,0,0
YHR108W,-1,1
YPL160W,0,0
YGR218W,0,-1
YMR014W,0,-1
YGR129W,-1,-1
YJL186W,0,-1
YOL092W,0,1
YJL097W,1,1
YER019C-A,0,-1
YCL004W,1,-1
YPR140W,-1,-1
YKR056W,1,1
YPR051W,-1,-1
YBL025W,1,0
YML124C,1,1
YFL041W,1,1
YML035C,0,-1
YFR024C-A,1,-1
YMR292W,1,-1
YPL250C,0,1
YBR005W,-1,1
YLL056C,0,1
YEL062W,0,-1
YMR104C,1,0
YKL166C,0,1
YPL161C,0,1
YFR021W,0,0
YMR015C,0,-1
YDR330W,-1,1
YER131W,0,0
YJL187C,0,-1
YLR036C,0,0
YER042W,1,-1
YOR340C,0,1
YDR152W,0,-1
YPR141C,-1,-1
YDR063W,0,1
YOR251C,-1,1
YGL110C,1,-1
YPR052C,-1,-1
YOR162C,0,1
YAL047C,1,1
YFL042C,0,1
YBR194W,-1,-1
YMR293C,-1,-1
YGR001C,1,0
YEL063C,0,1
YER132C,0,0
YNL103W,0,1
YIL108W,0,-1
YER043C,1,-1
YNL014W,0,1
YIL019W,-1,0
YDR153C,0,-1
YHR080C,0,1
YBR195C,1,-1
YHR109W,1,1
YLR303W,0,0
YNL097C-B,1,1
YKL077W,1,-1
YLR214W,0,-1
YPL072W,1,-1
YLR125W,0,0
YJL098W,1,1
YOL093W,-1,0
YNL292W,1,-1
YCL005W,0,1
YKR057W,1,0
YNL104C,0,1
YIL109C,0,-1
YBL026W,0,1
YGL021W,1,-1
YML125C,1,1
YJR078W,0,1
YOR073W,1,-1
YBR006W,1,-1
YLL057C,1,-1
YPL162C,1,0
YKL167C,1,1
YMR105C,-1,1
YDL173W,0,-1
YLR304C,0,0
YFR022W,0,0
YDR420W,0,1
YMR016C,0,0
YAR027W,0,1
YDL084W,1,-1
YLR215C,1,-1
YDR331W,1,1
YLR126C,1,0
YLR037C,0,0
YOL094C,-1,1
YDR242W,0,-1
YGL200C,-1,0
YDR064W,1,1
YBR284W,0,1
YOR074C,0,-1
YAL048C,1,1
YGR002C,-1,1
YEL064C,1,-1
YBR007C,0,-1
YDL174C,0,1
YER044C,1,1
YDR243C,-1,-1
YNL015W,0,0
YML036W,-1,-1
YGR280C,0,0
YBR196C,1,1
YKL078W,1,1
YJL099W,1,1
YNL293W,-1,1
YHL001W,1,0
YOR341W,0,0
YKR058W,0,1
YOR252W,-1,1
YGL111W,-1,-1
YGL022W,-1,1
YBL027W,0,0
YOR163W,0,-1
YJR079W,1,-1
YML126C,1,-1
YML037C,-1,1
YMR294W,-1,-1
YPL252C,1,1
YPL163C,0,1
YDR510W,0,1
YLR305C,-1,0
YKL168C,1,-1
YMR106C,0,-1
YLR216C,1,1
YAR028W,1,0
YDL085W,0,1
YFR023W,0,-1
YDR421W,1,-1
YLR127C,-1,1
YER133W,0,0
YDR332W,1,-1
YOL095C,1,1
YLR038C,1,0
YNL294C,-1,-1
YGL201C,0,-1
YOR342C,0,0
YGL112C,-1,-1
YDR065W,1,-1
YHR170W,1,1
YGL023C,-1,1
YBL028C,0,-1
YOR164C,-1,-1
YBR285W,1,1
YHR081W,0,-1
YCR086W,0,-1
YFL044C,1,1
YGR191W,0,0
YAL049C,1,-1
YMR295C,1,-1
YBR008C,0,0
YER180C-A,0,1
YPL249C-A,1,0
YDL175C,1,-1
YBR072C-A,-1,-1
YDR422C,1,-1
YER134C,0,0
YDR333C,0,-1
YER045C,0,1
YDR155C,0,0
YNL016W,0,0
YDR066C,1,-1
YHR082C,0,-1
YBR197C,1,0
YGR192C,0,0
YLL058W,0,-1
YPL074W,1,1
YKL079W,1,1
YMR017W,0,0
YJL189W,0,-1
YHL002W,0,1
YPR143W,-1,0
YKR059W,1,1
YPR054W,-1,1
YNL106C,1,-1
YOR253W,1,-1
YOR075W,0,-1
YML038C,1,0
YJL060W,0,1
YGR003W,-1,0
YEL065W,1,-1
YPL253C,1,-1
YPL164C,1,1
YDR511W,1,-1
YAR029W,0,1
YDL086W,-1,-1
YDR322C-A,1,-1
YOL096C,1,1
YLR039C,1,1
YDR244W,-1,1
YJR040W,1,-1
YCL008C,-1,1
YHL003C,0,-1
YPR144C,0,0
YOR254C,-1,-1
YHR171W,1,0
YBR286W,1,1
YNL277W-A,1,1
YGR281W,0,0
YOR076C,-1,-1
YFL045C,1,-1
YKL040C,0,-1
YMR296C,0,1
YBR009C,0,0
YDR512C,-1,-1
YFR025C,0,1
YDR423C,1,1
YDL087C,-1,1
YJR130C,0,1
YJR041C,-1,-1
YAL010C,-1,-1
YDR067C,-1,1
YML127W,-1,-1
YJR112W-A,1,-1
YGR282C,1,0
YGR193C,1,0
YBR198C,-1,1
YMR107W,0,0
YLR306W,-1,0
YPL075W,0,1
YMR018W,0,1
YLR128W,-1,1
YNL295W,-1,-1
YGL202W,0,-1
YLR412C-A,0,0
YPR055W,1,1
YGL113W,1,-1
YNL018C,0,0
YBL029W,0,-1
YOR165W,-1,-1
YML128C,-1,1
YJL061W,1,0
YEL066W,-1,1
YBR162W-A,0,1
YGR004W,0,-1
YDL176W,-1,-1
YPL165C,1,-1
YLR218C,-1,1
YKR020W,-1,1
YDR334W,0,0
YDR245W,1,1
YER046W,0,-1
YOL097C,1,-1
YCL009C,1,1
YDR156W,0,1
YOR344C,0,0
YGL203C,0,0
YHR172W,0,0
YGL025C,1,1
YOR166C,1,-1
YKL130C,1,1
YHR083W,0,0
YCR088W,0,0
YBR287W,1,-1
YJL151C,0,1
YOL077W-A,1,-1
YEL067C,-1,0
YGR005C,-1,-1
YIL172C,0,0
YDL177C,-1,-1
YIL083C,0,1
YFR026C,0,0
YDR424C,-1,1
YDL088C,1,-1
YER047C,1,-1
YNL107W,-1,-1
YGR283C,0,1
YBR288C,-1,-1
YGR194C,0,1
YPL254W,0,-1
YMR108W,0,1
YLR307W,0,-1
YMR019W,1,1
YPL076W,-1,0
YLR129W,1,-1
YHL004W,-1,-1
YPR145W,0,-1
YGL114W,1,1
YPR056W,1,1
YNL108C,-1,0
YOR255W,-1,-1
YNL019C,0,0
YIR018C-A,0,-1
YML129C,1,0
YBR070C,-1,0
YOR077W,-1,1
YFL046W,1,-1
YKL041W,0,-1
YMR297W,0,1
YJL062W,1,1
YDR513W,-1,-1
YPL077C,-1,0
YKR021W,1,-1
YDR335W,0,1
YJR131W,0,1
YER136W,0,-1
YDR246W,1,1
YJR042W,-1,-1
YNL297C,-1,-1
YOL098C,-1,-1
YAL011W,1,-1
YDR068W,-1,-1
YOR256C,-1,-1
YGL026C,1,1
YOR167C,-1,1
YKL220C,0,0
YHR084W,0,0
YCR089W,0,-1
YBR199W,-1,0
YJL063C,-1,1
YLR001C,1,0
YDR514C,-1,-1
YIL084C,1,1
YBL090W,-1,1
YKR022C,-1,-1
YHL015W-A,-1,0
YER137C,0,-1
YER048C,0,1
YJR043C,0,-1
YDR069C,1,-1
YGR284C,1,0
YMR080C,1,0
YPL255W,0,0
YLR308W,0,-1
YMR109W,1,-1
YPL166W,-1,-1
YLR219W,-1,1
YHR001W-A,1,0
YJL127C-B,0,0
YBL091C,-1,1
YGL115W,1,1
YPR057W,1,1
YCR050C,-1,-1
YLL021W,0,-1
YOR078W,1,-1
YKL042W,0,0
YFL047W,-1,1
YER074W-A,1,-1
YMR298W,1,-1
YGR006W,-1,1
YPL256C,0,0
YIL173W,0,0
YDL178W,1,-1
YLR309C,1,-1
YPL167C,-1,-1
YDR425W,-1,1
YFR027W,0,-1
YDL089W,-1,-1
YPL078C,0,-1
YDR336W,1,1
YJR132W,1,1
YOL019W-A,1,1
YDR247W,0,-1
YDR158W,1,1
YPR147C,1,0
YAL012W,1,1
YHL006C,-1,1
YHR174W,0,1
YGL027C,1,0
YLL022C,0,1
YHR085W,0,1
YKL132C,1,0
YBR289W,-1,1
YOR079C,-1,-1
YLR190W,0,0
YGR195W,0,-1
YFL048C,-1,-1
YJL153C,1,1
YMR299C,1,-1
YLR002C,0,1
YEL069C,0,-1
YIL085C,1,1
YNL080C,0,1
YFR028C,0,-1
YJR044C,1,0
YDR248C,1,-1
YBR160W,1,0
YBR071W,-1,0
YMR170C,0,0
YGR285C,0,1
YOL159C-A,0,0
YMR081C,0,1
YGR196C,1,-1
YDR030C,-1,0
YNL298W,1,-1
YGL205W,0,0
YML001W,1,0
YOR346W,0,-1
YGL116W,0,1
YOR257W,-1,1
YPR058W,1,-1
YKL221W,-1,0
YOR168W,-1,-1
YKL043W,0,0
YBL029C-A,0,1
YGR007W,1,-1
YDL179W,0,1
YDR515W,-1,-1
YKR023W,-1,-1
YDR337W,1,-1
YJR133W,1,-1
YER049W,0,-1
YHL007C,1,0
YDR159W,1,1
YPR148C,0,1
YAL013W,-1,1
YGL206C,0,-1
YOR347C,1,-1
YNR060W,0,0
YHR175W,1,1
YLL023C,1,0
YKL222C,-1,0
YGL028C,0,0
YHR086W,1,0
YKL133C,0,1
YLR191W,0,-1
YJL154C,1,1
YLR003C,1,0
YJL065C,1,1
YGR008C,0,-1
YOL060C,0,-1
YDR516C,0,-1
YBL092W,0,-1
YKR024C,-1,-1
YNL081C,1,-1
YBR196C-A,1,1
YER139C,-1,0
YDR338C,1,-1
YJR134C,1,-1
YBR196C-B,0,1
YDR249C,0,1
YCR051W,-1,1
YBR250W,0,0
YJR045C,-1,1
YAL014C,-1,1
YBR161W,0,-1
YMR260C,1,1
YBR072W,0,-1
YNR061C,0,0
YMR171C,-1,0
YLR370C,-1,-1
YGR286C,0,0
YLR281C,-1,1
YDL140C,0,-1
YGR197C,0,1
YLR192C,1,-1
YPL257W,0,0
YPL168W,-1,-1
YER010C,0,-1
YPL079W,0,-1
YOR316C-A,0,1
YDR120C,-1,-1
YNL299W,1,1
YBL093C,0,-1
YML002W,1,1
YGL117W,0,0
YOR258W,1,-1
YBR162C,0,-1
YIL102C-A,0,-1
YFL049W,0,-1
YPL258C,0,0
YPL169C,-1,-1
YFR029W,0,1
YDR427W,1,-1
YOR040W,0,0
YHL008C,0,0
YOR348C,0,1
YOR259C,-1,-1
YHR176W,0,0
YEL030W,0,-1
YLL024C,0,-1
YHR087W,1,1
YKL134C,1,1
YPL040C,-1,1
YDL051W,-1,-1
YJL155C,1,1
YJL066C,1,1
YGR009C,0,0
YLR004C,0,1
YNL260C,1,-1
YIL176C,0,0
YIL087C,1,1
YDR428C,1,-1
YDR031W,-1,-1
YDR339C,0,1
YOR130C,0,1
YJR135C,-1,1
YCR052W,1,1
YBR251W,0,1
YFL010C,-1,-1
YAL015C,1,-1
YBR073W,-1,1
YNR062C,0,0
YMR261C,-1,1
YLR460C,0,0
YPR133W-A,-1,1
YGR287C,0,0
YLR193C,1,1
YDL052C,-1,1
YCL073C,0,0
YDR032C,0,-1
YML003W,0,1
YGL207W,1,-1
YPR149W,0,0
YGL029W,1,0
YKL045W,0,0
YOL061W,-1,-1
YPL259C,0,-1
YDR517W,0,1
YKR025W,-1,-1
YNL082W,0,-1
YPR020W,1,-1
YJR046W,-1,0
YHL009C,0,1
YML004C,0,-1
YHR177W,0,0
YEL031W,1,0
YKL224C,0,0
YDL230W,-1,1
YMR172W,-1,0
YLR371W,-1,0
YMR083W,0,0
YHR088W,1,-1
YDL141W,-1,-1
YKL135C,1,-1
YPL041C,1,1
YGR198W,0,1
YKL046C,0,-1
YJL156C,1,0
YER100W,0,-1
YDR210W,0,0
YER011W,0,0
YOL062C,-1,1
YIL177C,0,0
YDR121W,-1,0
YPR110C,-1,-1
YDR429C,1,1
YIL088C,1,0
YKR026C,0,-1
YPR021C,0,-1
YOR131C,-1,0
YJR136C,1,-1
YBR252W,1,1
YCR053W,1,-1
YJR047C,0,0
YBR163W,1,-1
YBR074W,1,0
YDL231C,-1,-1
YHR089C,1,-1
YDL142C,-1,-1
YDL053C,1,1
YLR194C,1,1
YER101C,0,-1
YDR300C,0,-1
YGL208W,1,1
YOR349W,0,-1
YGL119W,0,0
YCR054C,1,-1
YBR164C,-1,-1
YLL025W,0,-1
YLR438C-A,-1,-1
YPL130W,1,1
YOL151W,0,1
YLR005W,0,-1
YNL261W,1,-1
YDR518W,1,1
YNL172W,0,-1
YNL083W,-1,0
YOR220W,-1,-1
YOR042W,0,0
YFL011W,0,0
YAL016W,0,-1
YMR262W,-1,1
YLR461W,0,0
YAL037C-A,0,-1
YNR063W,0,-1
YHR178W,0,0
YEL032W,1,1
YLR372W,0,-1
YMR173W,0,-1
YMR084W,0,1
YGR288W,0,0
YLR283W,-1,-1
YGR199W,1,-1
YPL042C,1,0
YJL157C,0,0
YER012W,0,1
YDR211W,0,1
YOL063C,1,1
YJL068C,1,1
YPR200C,-1,1
YLR006C,-1,-1
YOR310C,0,1
YNL173C,0,1
YDR122W,0,0
YPR022C,0,0
YGL090W,-1,-1
YDR033W,0,0
YBL095W,1,-1
YNL084C,-1,-1
YOR221C,0,-1
YJR137C,0,1
YBR253W,1,-1
YML100W-A,-1,1
YGR070W,0,-1
YNR064C,1,-1
YLR373C,-1,-1
YMR174C,0,-1
YGR289C,0,0
YLR284C,-1,-1
YDL054C,1,0
YLR195C,0,1
YDR123C,0,0
YGL091C,-1,-1
YDR034C,0,0
YGL209W,0,1
YKL018C-A,-1,-1
YML005W,0,-1
YBR254C,-1,-1
YPL220W,1,1
YLL026W,1,0
YPL131W,0,1
YGR071C,-1,-1
YKL047W,-1,-1
YHR175W-A,1,0
YOL152W,0,0
YKR095W-A,1,0
YDR490C,0,-1
YNL262W,-1,1
YDR519W,1,-1
YPR111W,-1,-1
YKR027W,0,0
YIL089W,0,0
YOR132W,-1,1
YOR043W,0,0
YJR048W,0,-1
YFL012W,0,0
YAL017W,0,0
YML006C,0,-1
YMR263W,1,1
YLR462W,0,1
YHR179W,0,0
YEL033W,1,1
YDL232W,1,-1
YCR095W-A,-1,0
YMR085W,1,1
YDL143W,-1,-1
YKL048C,-1,1
YER102W,0,0
YDR301W,0,1
YJL158C,0,0
YER013W,1,1
YDR212W,1,0
YOL064C,1,1
YJL069C,1,1
YNL263C,-1,1
YOR311C,1,0
YGL180W,0,0
YPR112C,-1,-1
YPR023C,-1,0
YHR050W,1,1
YJR049C,-1,-1
YFL013C,0,-1
YBR165W,-1,-1
YAL018C,0,-1
YNR065C,1,1
YBR076W,0,0
YKL068W-A,0,0
YDL144C,-1,1
YDL055C,0,-1
YIL046W-A,-1,1
YIR030C,1,-1
YGR250C,0,0
YPL221W,0,1
YLL027W,0,1
YGR161C,0,0
YBR166C,1,-1
YPL132W,-1,0
YBR077C,0,0
YKL137W,-1,-1
YPL043W,1,0
YPR201W,-1,0
YLR007W,-1,-1
YOR222W,0,0
YKR028W,0,-1
YNL085W,1,-1
YOR133W,1,0
YJR138W,0,-1
YOR044W,0,1
YMR264W,1,-1
YEL034W,-1,1
YDL233W,-1,1
YMR175W,0,1
YMR086W,1,1
YPL133C,-1,1
YKL138C,-1,1
YLR285W,-1,-1
YKL049C,1,1
YIL050W,0,1
YLR361C-A,-1,1
YLR196W,0,1
YER103W,0,1
YDR302W,1,-1
YDR213W,0,1
YOL065C,1,1
YNL264C,1,1
YER014W,1,-1
YLR008C,-1,-1
YOR312C,0,1
YNL175C,1,1
YGL181W,0,0
YDR124W,0,-1
YBL097W,1,1
YGL092W,1,-1
YDR035W,1,-1
YKR029C,-1,-1
YHR140W,0,0
YJR139C,1,-1
YHR051W,1,0
YLL006W-A,-1,1
YBR255W,-1,-1
YNR066C,0,1
YGR072W,-1,1
YCR087C-A,0,-1
YMR265C,0,-1
YEL035C,-1,1
YDL234C,-1,1
YLR286C,0,1
YOL164W-A,0,0
YDL145C,1,-1
YIL051C,0,0
YMR247W-A,0,0
YDR303C,1,-1
YDR125C,-1,-1
YIR031C,1,1
YDR036C,0,-1
YHR141C,0,0
YML007W,0,-1
YCR057C,1,1
YBR256C,0,1
YLL028W,0,0
YBR167C,-1,1
YPL222W,0,0
YOL154W,0,0
YJL159W,0,0
YPR202W,0,1
YPR113W,-1,1
YJR151W-A,0,0
YNL086W,1,1
YOR223W,0,-1
YPR024W,-1,0
YOR134W,0,1
YOR045W,1,-1
YML008C,1,1
YFL014W,0,-1
YAL019W,-1,-1
YLR464W,1,1
YMR176W,1,0
YPL223C,0,0
YJL030W,-1,-1
YLR375W,-1,-1
YIL140W,1,-1
YMR087W,1,-1
YPL134C,1,0
YDL056W,1,-1
YLR197W,1,-1
YER104W,1,-1
YOL155C,0,0
YDR214W,1,0
YOL066C,1,1
YER015W,-1,0
YJR010W,0,-1
YNL265C,1,-1
YNL176C,1,1
YOR313C,0,0
YBL098W,1,1
YGL093W,-1,1
YOR224C,1,-1
YPR025C,0,0
YGR251W,0,0
YHR052W,0,0
YOR046C,1,-1
YGR162W,0,0
YKL010C,-1,1
YNR067C,0,0
YBR078W,0,0
YEL036C,1,1
YDL235C,1,-1
YJL031C,-1,-1
YLR376C,1,-1
YLR287C,1,0
YDR492W,0,1
YMR088C,0,-1
YIL052C,0,-1
YDR304C,1,1
YER105C,-1,-1
YJR100C,0,-1
YJR011C,1,1
YGL183C,0,0
YIR032C,0,1
YGL094C,-1,0
YHR053C,1,0
YLL029W,0,0
YBR079C,1,0
YKL139W,0,-1
YPL045W,-1,1
YMR030W-A,1,1
YPR203W,1,1
YLR009W,-1,-1
YPR159C-A,0,0
YPR114W,1,0
YNL087W,1,1
YML009C,1,-1
YMR266W,0,1
YMR177W,0,1
YPL224C,0,-1
YDL146W,1,-1
YDL057W,1,1
YPL046C,-1,-1
YOL067C,1,1
YER016W,0,-1
YDR126W,-1,1
YNL177C,1,-1
YBL099W,0,1
YDR037W,0,-1
YHR142W,0,0
YOR047C,0,1
YGR252W,0,-1
YBR257W,0,-1
YKL100C,1,-1
YGR163W,0,0
YFL016C,0,1
YBR168W,-1,-1
YKL011C,1,-1
YNR068C,1,0
YGR074W,1,-1
YJL121C,0,-1
YLR377C,0,1
YEL037C,1,-1
YDR493W,1,1
YMR089C,0,0
YLR288C,-1,1
YKR090W,0,1
YLR199C,-1,-1
YDR305C,1,1
YJR012C,-1,1
YER017C,1,-1
YGL184C,0,1
YGL095C,0,0
YDR038C,0,-1
YHR054C,1,1
YCR059C,-1,1
YGR253C,0,-1
YBR258C,-1,-1
YBR169C,1,-1
YLR070C,1,1
YGR075C,1,-1
YPL135W,0,0
YOL156W,0,1
YPR204W,1,0
YPR115W,0,0
YGR035W-A,-1,-1
YNL088W,0,1
YPR026W,0,0
YOR136W,1,-1
YJL210W,0,1
YLR466W,1,-1
YMR267W,1,-1
YMR178W,1,0
YDL236W,1,-1
YIL142W,-1,1
YDL147W,-1,1
YDL058W,0,1
YIL053W,0,-1
YOL157C,0,0
YER106W,-1,-1
YJR101W,0,-1
YDR216W,0,0
YOL068C,1,-1
YDR127W,1,1
YOR226C,0,1
YIR033W,0,-1
YPR027C,0,0
YHR143W,0,0
YOR137C,0,-1
YOR048C,0,0
YFL017C,1,-1
YNR069C,0,1
YMR268C,-1,-1
YLR378C,0,0
YIL143C,-1,-1
YDR494W,1,-1
YDL148C,-1,-1
YKR091W,1,-1
YDL059C,0,-1
YBL060W,0,-1
YDR306C,0,1
YER107C,0,-1
YJR102C,0,-1
YER018C,-1,1
YDR217C,1,0
YGL185C,1,1
YDR039C,0,0
YBR040W,1,1
YIR034C,1,-1
YHR144C,0,-1
YHR055C,1,1
YLR160C,0,1
YPL225W,0,-1
YGR076C,1,1
YLR071C,-1,1
YPL047W,1,-1
YDR495C,1,-1
YKR092C,0,-1
YBL061C,0,-1
YNL267W,1,-1
YPR116W,0,0
YNL178W,0,-1
YOR315W,0,-1
YCR020C,1,-1
YBR130C,-1,1
YKL101W,0,-1
YKL023C-A,-1,1
YKL012W,-1,-1
YLR467W,0,0
YJL122W,-1,-1
YDL237W,-1,1
YEL038W,-1,-1
YBR233W-A,1,-1
YJL033W,1,-1
YMR179W,0,-1
YPL137C,0,1
YLR289W,-1,-1
YOL158C,0,0
YLR157C-C,1,-1
YML070W,0,1
YJR013W,-1,1
YDR128W,1,-1
YOR316C,1,-1
YGL096W,0,0
YOR138C,0,0
YOR049C,0,0
YGR254W,0,-1
YBR259W,-1,-1
YGR165W,0,1
YFL018C,0,0
YKL013C,-1,0
YJL212C,0,0
YJL123C,-1,1
YCL040W,1,1
YDL238C,-1,1
YEL039C,-1,-1
YIL055C,0,-1
YNL050C,1,-1
YDR218C,1,1
YML071C,0,1
YGL186C,1,0
YDR129C,1,-1
YIR035C,1,1
YBR041W,1,-1
YHR056C,1,1
YGR255C,0,-1
YPL226W,0,0
YDL020C,0,-1
YGR077C,1,1
YPL048W,0,1
YDR496C,1,1
YJR135W-A,-1,-1
YNL268W,1,1
YLR157W-D,0,0
YOL069W,-1,-1
YPR117W,0,1
YLR157W-E,0,-1
YBR220C,1,1
YCR021C,0,0
YOR227W,0,-1
YPR028W,0,-1
YBR042C,1,-1
YMR269W,-1,-1
YBL108C-A,0,0
YJL034W,-1,1
YPL227C,0,-1
YPL138C,1,1
YIL144W,0,-1
YDL149W,1,-1
YPL049C,0,0
YOL159C,0,0
YDR307W,0,-1
YJR103W,0,-1
YJR014W,1,1
YER019W,-1,-1
YGL097W,0,0
YNR030W,-1,-1
YOR228C,0,-1
YPR029C,0,-1
YMR140W,1,0
YLR250W,1,1
YKL103C,0,0
YGR166W,1,1
YLR161W,0,1
YKL014C,0,-1
YJL124C,1,1
YLR072W,-1,-1
YDL239C,1,0
YJL035C,-1,-1
YIL145C,0,0
YKR093W,0,-1
YER109C,0,0
YDR308C,0,-1
YJR104C,0,-1
YML072C,1,0
YDR219C,-1,1
YOR010C,0,-1
YGL187C,0,0
YBR131W,-1,-1
YIR036C,-1,1
YNR031C,0,-1
YHR057C,1,1
YDL110C,1,1
YGR078C,-1,1
YLR073C,1,-1
YDR497C,1,1
YKR094C,0,-1
YNL269W,-1,1
YDR001C,0,0
YPR118W,1,0
YOR317W,0,0
YBR221C,-1,1
YBR132C,1,-1
YBR043C,1,1
YAL034W-A,1,-1
YJL213W,0,0
YOL030W,0,-1
YPL139C,1,0
YIL056W,0,-1
YDR190C,-1,-1
YNL051W,1,-1
YJR015W,1,-1
YGL098W,0,0
YMR230W,0,1
YLR340W,0,0
YHR146W,0,0
YLR251W,1,0
YKL104C,0,0
YGR256W,0,-1
YMR052W,0,-1
YLR162W,1,1
YGR167W,1,-1
YDL021W,0,-1
YOL120C,1,0
YJL125C,1,-1
YNL230C,1,1
YCL042W,-1,1
YOL031C,0,-1
YIL146C,0,0
YIL057C,0,0
YBL063W,0,-1
YDR309C,0,0
YOR100C,0,-1
YML073C,0,0
YJR016C,1,-1
YEL001C,0,1
YHR147C,-1,0
YDL200C,1,-1
YMR142C,0,0
YAR064W,0,0
YHR058C,-1,1
YGR257C,1,-1
YDL111C,1,-1
YMR053C,-1,-1
YGR168C,1,-1
YLR163C,0,0
YPL228W,0,-1
YER080W,1,0
YLR074C,-1,1
YCL043C,-1,1
YKL065W-A,0,-1
YDR498C,0,1
YBL064C,0,1
YPR119W,0,0
YCR023C,1,0
YDR525W-A,0,1
YOR229W,0,0
YBR222C,1,-1
YHR212W-A,0,1
YBR133C,0,1
YBR044C,0,1
YJL214W,0,0
YKL015W,0,-1
YPL010W,-1,-1
YJL036W,0,-1
YNL141W,0,-1
YNL052W,1,1
YJR105W,0,1
YOR011W,0,0
YMR244C-A,0,-1
YGL099W,1,0
YMR231W,1,1
YIR037W,-1,-1
YLR430W,0,-1
YNR032W,0,-1
YLR341W,0,0
YKL105C,0,-1
YDL022W,0,0
YKL016C,0,1
YPL011C,-1,-1
YOL121C,0,0
YGR079W,-1,1
YNL231C,1,-1
YKR095W,0,1
YIL147C,0,-1
YDR002W,0,1
YML074C,0,0
YJR017C,1,1
YGL189C,1,0
YMR321C,1,0
YIR038C,0,-1
YLR431C,0,-1
YEL002C,1,-1
YGR258C,0,1
YGR169C,1,1
YER170W,1,1
YPL229W,0,0
YER081W,0,-1
YDR280W,1,-1
YCL044C,1,1
YDR191W,-1,-1
YOR290C,0,0
YPR091C,0,-1
YOR319W,0,-1
YCR024C,1,1
YCL048W-A,0,1
YBR223C,-1,1
YBR045C,1,0
YPL100W,1,-1
YJL126W,-1,-1
YNL320W,1,-1
YDR370C,-1,1
YJL037W,0,0
YOL032W,1,-1
YNL142W,0,0
YER082C,1,-1
YDR281C,0,-1
YNL053W,1,1
YDR192C,0,-1
YJR106W,1,1
YOR101W,0,-1
YOR012W,0,0
YMR232W,1,1
YNR033W,-1,1
YLR342W,0,1
YMR143W,0,1
YHR148W,-1,-1
YDL201W,1,-1
YHR059W,-1,1
YDL112W,-1,-1
YLR253W,0,-1
YMR054W,-1,-1
YER039C-A,-1,1
YKL017C,1,-1
YJL216C,0,0
YLR164W,0,-1
YLR075W,-1,1
YJL127C,-1,0
YOL122C,0,-1
YJL038C,0,0
YDR379C-A,0,-1
YPR180W,-1,-1
YKR096W,0,0
YDR499W,0,-1
YDR003W,1,1
YGL060W,-1,1
YML075C,0,1
YMR322C,0,1
YGR040W,0,0
YIR039C,0,0
YOL013W-A,0,-1
YHR149C,0,-1
YAR066W,0,0
YDL113C,-1,-1
YLR254C,0,-1
YMR055C,1,-1
YDL024C,0,0
YER171W,1,-1
YLR165C,1,-1
YCL045C,1,1
YHL040C,0,0
YPR181C,0,-1
YGL150C,0,-1
YBL066C,1,0
YGL061C,-1,-1
YGR130C,0,-1
YBR046C,-1,1
YPL101W,0,1
YKL106W,-1,-1
YPL012W,-1,-1
YNL321W,-1,1
YOL033W,1,1
YER172C,-1,-1
YNL232W,1,-1
YER083C,0,1
YDR282C,1,0
YIL148W,0,-1
YNL054W,0,1
YJR107W,1,1
YNR034W,1,0
YMR233W,1,1
YLR432W,0,-1
YLR343W,1,0
YDL202W,0,1
YEL003W,1,-1
YMR144W,1,-1
YPL013C,-1,-1
YJL128C,0,0
YNL322C,-1,-1
YOR380W,1,0
YJL039C,0,-1
YIL149C,0,1
YKR097W,0,-1
YNL144C,0,-1
YOR291W,0,-1
YDR004W,1,-1
YNL055C,0,-1
YOR103C,0,-1
YJR019C,1,1
YHR020W,-1,0
YML076C,1,-1
YBR135W,0,1
YGR041W,0,1
YLR433C,-1,-1
YNR035C,1,-1
YDL203C,0,-1
YMR145C,0,-1
YDR460W,-1,1
YMR056C,0,1
YDL025C,0,1
YLR166C,0,1
YIL020C,-1,-1
YDR371W,-1,-1
YNL067W-B,0,1
YPR093C,-1,0
YKR098C,0,-1
YOR292C,0,-1
YDR005C,1,-1
YBL067C,0,-1
YCR026C,0,0
YHR021C,0,0
YGR220C,1,-1
YOR032W-A,0,-1
YKL107W,1,-1
YKL018W,-1,-1
YJL217W,0,0
YDL045W-A,1,-1
YOL123W,0,-1
YOL034W,0,1
YNL233W,1,1
YDR372C,0,-1
YDR283C,0,1
YLR162W-A,1,0
YDR194C,-1,0
YJR108W,1,0
YOR014W,0,0
YMR323W,0,0
YMR234W,1,-1
YLR344W,0,1
YEL004W,-1,1
YDL114W,-1,-1
YPL103C,0,-1
YJL129C,0,0
YLR077W,1,-1
YOL124C,0,-1
YGL240W,1,1
YOR381W,0,0
YPR182W,0,1
YER060W-A,1,-1
YGL151W,1,-1
YGL062W,1,-1
YHR110W,1,1
YJR109C,0,0
YBR225W,-1,-1
YBR136W,1,1
YGR131W,0,-1
YNR036C,1,1
YBR047W,-1,1
YGR042W,1,-1
YMR235C,-1,-1
YMR146C,0,0
YEL005C,-1,0
YAR068W,0,0
YDR461W,1,-1
YDL115C,-1,-1
YER173W,-1,-1
YLR078C,-1,-1
YCL047C,1,-1
YDR006C,0,1
YIR001C,0,0
YCR027C,0,0
YGR221C,0,1
YHR022C,0,-1
YGR132C,-1,-1
YKL108W,0,1
YGR043C,0,-1
YJL218W,0,0
YKL019W,-1,-1
YPL014W,0,-1
YNL323W,0,-1
YNL234W,1,1
YER174C,1,-1
YER085C,-1,0
YDR284C,0,0
YJR080C,1,-1
YNL145W,1,-1
YNL056W,0,-1
YOR104W,0,0
YDR014W-A,0,-1
YML077W,1,-1
YDL204W,0,-1
YLR345W,1,-1
YLR256W,0,0
YIL110W,1,-1
YIL021W,1,-1
YLR167W,0,-1
YPL015C,0,0
YBR230W-A,-1,0
YPR183W,1,1
YGL241W,-1,1
YHL042W,1,0
YOR382W,0,-1
YKR099W,0,0
YOR293W,0,-1
YPR094W,-1,-1
YGL063W,-1,1
YHR200W,-1,-1
YBL068W,1,-1
YHR111W,1,-1
YOR016C,-1,0
YBR137W,1,-1
YNR037C,-1,1
YBR048W,1,0
YLR154C-G,0,0
YLR154C-H,1,0
YDL205C,0,-1
YLR346C,0,-1
YDR462W,-1,1
YDL027C,1,1
YDR373W,0,-1
YLR168C,1,-1
YGL242C,-1,-1
YDR195W,1,-1
YOR383C,0,-1
YPR095C,1,-1
YIR002C,-1,0
YGL064C,-1,1
YHR201C,0,-1
YHR112C,0,-1
YCR028C,0,0
YBR182C-A,0,1
YBR227C,-1,-1
YBR138C,-1,-1
YJL190C,0,-1
YGR044C,0,0
YKL109W,0,0
YBR049C,1,0
YPL104W,-1,-1
YJL219W,0,0
YLR342W-A,1,1
YOL125W,0,-1
YOL036W,0,0
YER175C,-1,1
YDR374C,-1,-1
YNL146W,-1,1
YDR196C,-1,-1
YLR154W-C,0,0
YML078W,1,1
YMR325W,0,0
YMR236W,-1,1
YLR435W,-1,-1
YMR147W,0,1
YJL001W,0,0
YEL006W,1,0
YIL111W,1,1
YLR257W,0,0
YPL105C,-1,0
YMR058W,0,1
YDL116W,1,-1
YIL022W,0,1
YNL325C,0,1
YLR079W,-1,1
YOL126C,0,0
YHL043W,0,1
YPR184W,1,0
YCL048W,1,-1
YGL153W,-1,1
YOR294W,-1,1
YBL069W,0,1
YDR007W,0,0
YNL058C,0,0
YKL080W,0,1
YHR023W,-1,-1
YGR222W,0,-1
YGR133W,-1,1
YLR436C,1,-1
YLR347C,0,0
YJL002C,0,-1
YDR463W,1,1
YKR060W,1,1
YIL023C,0,1
YDL028C,1,-1
YER086W,-1,1
YDR285W,0,-1
YCL049C,0,0
YPR096C,-1,1
YGL154C,-1,-1
YGL065C,1,-1
YLL060C,0,0
YOL097W-A,-1,-1
YHR024C,-1,-1
YGR223C,0,-1
YBR084C-A,0,-1
YLR040C,1,1
YPL016W,0,0
YNL236W,1,1
YDR375C,-1,-1
YBL030C,1,-1
YJR082C,1,1
YDR286C,-1,-1
YNL147W,-1,-1
YOR106W,0,0
YML079W,1,1
YOR017W,-1,0
YMR237W,1,1
YNR038W,-1,-1
YMR148W,1,1
YEL007W,0,1
YDL206W,1,-1
YIL112W,1,1
YDL117W,0,1
YLR258W,0,-1
YMR059W,1,-1
YPL106C,0,-1
YPL017C,0,-1
YNL326C,1,-1
YHL044W,0,0
YOR384W,0,0
YGL243W,1,-1
YPR185W,0,-1
YOR295W,1,1
YNL148C,-1,1
YGR204C-A,-1,-1
YIR003W,-1,1
YHR202W,0,-1
YNL059C,0,-1
YHR113W,0,1
YKL170W,1,-1
YKL081W,0,0
YBR228W,-1,-1
YGR134W,1,1
YBR139W,-1,-1
YJL191W,-1,-1
YLR437C,-1,1
YNR039C,-1,-1
YLR348C,0,0
YKR061W,1,0
YDR464W,1,-1
YLR259C,0,-1
YIL024C,1,0
YER176W,0,0
YER044C-A,1,1
YER087W,1,-1
YDR197W,-1,-1
YAL051W,1,-1
YPR186C,-1,-1
YHR203C,0,-1
YBR010W,0,-1
YAR031W,1,1
YBR229C,1,-1
YKL082C,0,-1
YJL192C,-1,-1
YLR130C,1,-1
YCL010C,1,1
YDR465C,0,-1
YLR146W-A,-1,-1
YOL127W,0,0
YNL237W,1,1
YOL038W,-1,0
YER088C,0,1
YJR083C,-1,1
YDR198C,1,-1
YOR107W,0,0
YOR018W,0,0
YBR011C,0,-1
YMR238W,1,0
YDL207W,1,1
YHR021W-A,0,-1
YJL003W,-1,-1
YMR149W,1,-1
YIL113W,0,1
YDL118W,-1,0
YEL017C-A,0,-1
YDL029W,1,-1
YOL128C,0,-1
YGL244W,1,1
YOR385W,0,0
YNL149C,1,0
YGL155W,1,-1
YCR090C,0,-1
YOR296W,1,0
YPR097W,-1,-1
YIR004W,1,1
YDR009W,0,0
YGL066W,1,-1
YLL061W,-1,0
YOR394C-A,0,0
YKL171W,1,1
YHR114W,1,-1
YHR025W,-1,1
YGR224W,0,1
YMR020W,1,-1
YGR135W,1,1
YGR046W,0,-1
YMR239C,1,0
YEL009C,0,0
YJL004C,-1,-1
YIL114C,0,1
YDL119C,-1,-1
YKR062W,0,-1
YER177W,0,1
YDR376W,-1,1
YBL031W,1,-1
YNL020C,0,-1
YDR287W,-1,1
YML130C,0,-1
YHL046C,0,0
YML041C,0,-1
YOR297C,-1,0
YPR098C,-1,-1
YLL062C,-1,0
YHR115C,-1,-1
YMR110C,1,-1
YMR021C,-1,-1
YLR131C,1,1
YLR042C,0,1
YGR047C,-1,-1
YPL107W,1,-1
YCL011C,1,1
YPL018W,0,-1
YKR063C,-1,-1
YNL327W,0,-1
YNL238W,1,1
YOL039W,0,-1
YER089C,0,0
YOR108W,0,1
YBR101C,1,-1
YOR008C-A,0,1
YOR019W,0,-1
YDL090C,-1,1
YLR438W,-1,-1
YDL208W,-1,1
YPL019C,0,1
YDR070C,1,1
YNL328C,0,1
YGL245W,-1,1
YPR187W,-1,-1
YOR386W,0,0
YGL156W,1,1
YGL067W,1,1
YHR204W,0,0
YIR005W,1,-1
YKL172W,1,1
YGR225W,1,1
YHR026W,1,-1
YLR220W,1,0
YGR136W,1,0
YJL193W,1,-1
YDL209C,-1,-1
YNL110C,0,0
YIL115C,1,-1
YDR466W,0,-1
YIL026C,0,1
YER178W,1,1
YBL032W,-1,1
YDR377W,1,-1
YDR288W,1,-1
YJR084W,-1,-1
YAL053W,0,1
YHL047C,0,0
YGL246C,-1,-1
YPR188C,-1,-1
YOR387C,0,0
YLL063C,0,0
YIR006C,0,-1
YNR001C,0,0
YMR111C,1,1
YLR310C,0,1
YAR033W,1,0
YHR027C,1,-1
YLR221C,1,0
YLR132C,-1,1
YLR043C,1,0
YPL108W,0,1
YCL012C,1,0
YNL162W-A,-1,0
YOL129W,0,-1
YBL033C,-1,1
YNL239W,0,1
YDR378C,0,-1
YDR289C,-1,-1
YCR091W,0,-1
YBR290W,1,-1
YJR085C,0,-1
YAL054C,0,-1
YOR109W,1,1
YBR102C,-1,1
YBR013C,0,0
YDL091C,1,-1
YLR439W,-1,-1
YJL005W,0,-1
YPL109C,0,0
YER050C,-1,-1
YNL021W,-1,-1
YDR071C,1,1
YNL329C,1,1
YML131W,0,-1
YML042W,0,-1
YGL157W,1,1
YCR092C,-1,-1
YBR291C,0,-1
YOR298W,-1,-1
YHR205W,0,0
YGL068W,-1,1
YEL059C-A,0,1
YLR466C-B,0,-1
YMR200W,1,-1
YHR116W,-1,1
YKL173W,-1,1
YKL084W,1,-1
YMR022W,-1,-1
YJL194W,0,1
YGR048W,-1,1
YNL200C,1,0
YJL006C,0,0
YKR064W,-1,-1
YNL111C,0,0
YIL027C,1,0
YNL022C,-1,1
YER179W,1,-1
YOR080W,-1,-1
YOR388C,0,0
YML043C,0,0
YNR002C,1,0
YLL064C,0,0
YEL070W,0,-1
YMR201C,-1,-1
YDL180W,1,0
YMR112C,0,1
YKL174C,-1,-1
YHR028C,1,1
YLR222C,1,1
YMR023C,0,-1
YGR138C,0,0
YLR044C,0,1
YDR160W,1,1
YDR468C,-1,-1
YKR065C,1,-1
YPR060C,1,-1
YBL034C,1,1
YOR081C,-1,-1
YFL050C,0,0
YBR014C,1,0
YOL001W,0,0
YIL116W,0,-1
YDR072C,0,1
YML132W,0,0
YHL048W,0,0
YGL247W,1,-1
YPR189W,-1,-1
YOL052C-A,0,-1
YGL158W,0,1
YOR299W,0,1
YIR007W,0,-1
YHR206W,0,-1
YHR117W,1,-1
YKL085W,1,1
YGR227W,1,-1
YHR005C-A,0,0
YLR133W,-1,0
YKL096C-B,-1,0
YGR049W,1,0
YOL002C,0,1
YCR073W-A,-1,-1
YNL201C,0,-1
YIL117C,0,-1
YNL023C,1,1
YDR379W,0,-1
YML133C,0,0
YJR086W,0,-1
YHL049C,0,1
YAL055W,1,-1
YBR103W,-1,1
YEL071W,0,0
YNR003C,0,1
YLR401C,0,0
YIR008C,-1,-1
YHR207C,0,-1
YDL181W,1,1
YLR312C,0,0
YHR118C,-1,-1
YHR029C,1,1
YLR223C,0,1
YFR030W,1,-1
YDL092W,0,-1
YAR035W,0,-1
YER140W,-1,1
YJL196C,0,-1
YLR045C,1,0
YER051W,-1,-1
YDR161W,1,-1
YPR061C,-1,1
YKR066C,0,1
YBL035C,1,1
YOR171C,-1,-1
YCR093W,-1,1
YFL051C,0,-1
YBR015C,0,1
YKL096W-A,-1,0
YFR031C,1,-1
YER052C,0,-1
YNL112W,1,0
YDR162C,-1,-1
YGL248W,1,1
YOR389W,0,0
YGL159W,1,0
YER078W-A,-1,1
YPR145C-A,0,-1
YMR202W,-1,1
YKL175W,0,-1
YMR113W,0,-1
YPL170W,0,-1
YPL081W,0,0
YMR024W,0,1
YKL086W,-1,1
YLR134W,0,0
YJL008C,0,1
YOL003C,1,-1
YDR469W,-1,-1
YOR260W,-1,-1
YIL029C,0,0
YNL024C,1,1
YGL030W,0,1
YAL056W,1,1
YBR104W,1,-1
YGR010W,0,1
YEL072W,0,0
YLL066C,0,-1
YDL182W,0,1
YPL171C,0,1
YKL176C,0,0
YLR313C,1,0
YMR114C,-1,-1
YDL093W,1,0
YPL082C,0,1
YGR229C,0,-1
YKL087C,-1,-1
YBR298C-A,-1,0
YER141W,1,-1
YLR046C,0,1
YDR251W,0,1
YHL010C,1,1
YOR350C,1,-1
YPR151C,1,0
YGL120C,0,1
YDR073W,0,0
YOR261C,-1,-1
YGL031C,0,0
YBL036C,1,-1
YBR293W,0,0
YCR094W,1,-1
YJR088C,-1,-1
YBR105C,0,-1
YEL073C,0,0
YDL183C,0,1
YFR032C,1,0
YDR430C,-1,1
YDR341C,0,0
YJL062W-A,-1,1
YER142C,-1,-1
YNL202W,-1,-1
YER053C,0,0
YNL113W,0,1
YIL118W,0,-1
YNL146C-A,-1,-1
YGL249W,1,1
YHR090C,1,1
YCR095C,-1,-1
YIR009W,-1,0
YHR208W,0,0
YNR004W,0,0
YMR203W,1,-1
YPL260W,0,-1
YHR119W,-1,1
YLR224W,0,-1
YMR025W,1,-1
YJL197W,1,-1
YLR135W,0,-1
YIL119C,0,0
YKR067W,0,-1
YNR075C-A,-1,-1
YPR062W,-1,-1
YOR172W,-1,0
YNL025C,0,0
YOR083W,-1,1
YOR161C-C,1,0
YFL052W,0,-1
YGR100W,1,1
YLL067C,0,0
YBR016W,0,-1
YMR204C,0,-1
YLR314C,0,1
YPL172C,1,-1
YLR225C,-1,-1
YMR026C,-1,-1
YPL083C,1,-1
YLR136C,-1,-1
YLR047C,0,0
YDR252W,1,-1
YCL016C,0,1
YPR152C,-1,1
YOR351C,0,1
YHL011C,1,-1
YDR163W,-1,-1
YGL121C,1,1
YDR074W,0,0
YKR068C,0,-1
YPR063C,0,-1
YMR315W-A,1,1
YGL032C,0,-1
YBR294W,0,0
YBR017C,0,-1
YDR520C,1,-1
YDL184C,1,-1
YFR033C,1,1
YDR342C,0,0
YOL004W,0,-1
YER054C,0,0
YDR253C,0,-1
YDR164C,0,-1
YML046W,-1,0
YHR091C,1,1
YCR096C,-1,0
YDR003W-A,1,1
YLR403W,0,0
YHR209W,0,-1
YMR115W,-1,-1
YKL088W,1,-1
YJL198W,0,1
YGL210W,1,0
YOL005C,0,1
YNL204C,-1,1
YGR161W-C,0,0
YOR262W,-1,0
YNL115C,0,-1
YOR173W,0,1
YBL037W,1,-1
YOR084W,1,1
YJR089W,-1,-1
YAL058W,1,1
YFL053W,0,0
YML047C,-1,-1
YGR101W,1,-1
YBR106W,0,0
YGR012W,1,1
YMR205C,0,0
YKL178C,0,0
YMR116C,0,-1
YIL090W,-1,0
YDL095W,-1,1
YER143W,-1,-1
YCL017C,1,-1
YAR035C-A,-1,-1
YDR075W,0,1
YGL122C,1,0
YDR381C-A,0,-1
YBR295W,0,-1
YFL054C,0,0
YGR102C,-1,-1
YBR107C,-1,0
YEL075C,0,1
YBR018C,0,0
YJL070C,1,-1
YIL156W-B,-1,1
YFR034C,1,1
YIL091C,-1,-1
YDR343C,0,0
YER144C,1,-1
YER055C,0,0
YNL026W,1,0
YFL010W-A,0,-1
YHR092C,0,1
YBR296C,0,-1
YLR404W,0,1
YPL262W,0,0
YNR006W,0,-1
YLR315W,0,-1
YPL173W,-1,-1
YKL089W,1,1
YMR027W,-1,1
YLR226W,-1,-1
YPL084W,1,-1
YLR137W,-1,1
YLR048W,0,0
YGL211W,1,1
YOL006C,1,0
YPR153W,-1,1
YHL012W,0,-1
YOR352W,0,-1
YHR039C-A,-1,1
YKR069W,0,1
YBL038W,-1,1
YGL033W,0,-1
YOR174W,1,-1
YOR085W,1,-1
YAL059W,1,1
YGR013W,1,0
YPL263C,0,1
YNR007C,-1,-1
YMR117C,1,0
YDL185W,1,-1
YKL179C,0,-1
YLR316C,-1,-1
YPL174C,-1,-1
YDR432W,-1,0
YLR227C,0,-1
YNL138W-A,-1,1
YJR050W,-1,1
YDR254W,0,-1
YLR049C,1,0
YHL013C,0,1
YDR165W,0,-1
YOR353C,1,-1
YDR076W,1,0
YHR181W,0,1
YBL039C,-1,-1
YOR175C,0,-1
YCR097W,-1,0
YOR086C,0,-1
YKL050C,1,-1
YJL160C,0,-1
YOL086W-A,0,-1
YEL076C,1,1
YBR019C,0,0
YDR522C,1,1
YFR035C,-1,1
YDL097C,-1,1
YER145C,0,1
YJR140C,-1,1
YER056C,0,0
YDR255C,1,-1
YNL116W,1,-1
YLL018C-A,0,0
YNL027W,0,1
YAL020C,-1,1
YDR166C,-1,-1
YML048W,-1,-1
YCR098C,0,0
YLR405W,1,-1
YMR206W,0,-1
YPL085W,0,1
YMR028W,1,-1
YLR138W,1,-1
YGL212W,-1,1
YCL018W,0,-1
YNL206C,1,-1
YOL007C,0,-1
YPR154W,1,-1
YPR010C-A,1,0
YOR264W,0,1
YPR065W,0,1
YGL123W,0,0
YFL055W,0,0
YML049C,-1,-1
YGR103W,-1,-1
YBR108W,-1,-1
YOR293C-A,-1,-1
YGR014W,0,-1
YJL071W,-1,-1
YLR406C,1,-1
YMR207C,0,-1
YPL264C,1,-1
YDL186W,0,1
YMR118C,0,1
YLR228C,0,0
YIL092W,-1,-1
YKR030W,-1,-1
YMR029C,0,-1
YPL086C,0,-1
YLR139C,-1,-1
YJR051W,1,0
YOR354C,0,1
YHL014C,1,-1
YGL213C,-1,0
YPR155C,1,-1
YGL124C,0,-1
YDR077W,0,-1
YHR182W,1,1
YGL035C,0,-1
YGR292W,0,0
YBR297W,-1,0
YFL056C,0,1
YGR104C,-1,-1
YBR109C,0,-1
YEL077C,1,0
YGR015C,-1,-1
YJL072C,-1,-1
YLR010C,0,-1
YDR523C,0,1
YIL093C,-1,1
YDL098C,1,-1
YKR031C,0,-1
YDR345C,0,0
YDR256C,1,1
YER057C,0,0
YNL117W,0,1
YAL021C,1,1
YDR078C,-1,-1
YHR094C,0,0
YCR099C,1,0
YBR298C,0,0
YNR008W,-1,1
YPL175W,-1,-1
YPR066W,1,1
YOR265W,1,1
YNL118C,0,-1
YNL029C,0,-1
YOR176W,0,0
YBR080C,1,1
YKL140W,0,0
YOR087W,0,-1
YKL051W,0,-1
YJL161W,0,-1
YPL176C,-1,0
YLR229C,0,0
YFR036W,-1,-1
YDR434W,0,-1
YJR141W,-1,1
YER146W,0,-1
YJR052W,0,1
YDR167W,-1,1
YPR156C,0,1
YHR183W,1,1
YLL031C,0,1
YOR177C,0,0
YKL052C,0,1
YFL057C,1,-1
YCR020C-A,-1,1
YJL162C,0,0
YJL136W-A,-1,-1
YDR524C,-1,0
YDL188C,0,-1
YIL094C,1,-1
YFR037C,-1,-1
YDR435C,0,-1
YDR346C,0,0
YER147C,-1,-1
YBL001C,0,-1
YNL207W,1,-1
YOL008W,-1,-1
YDR257C,1,1
YAL022C,1,1
YMR230W-A,1,1
YNR009W,1,1
YLR407W,0,-1
YMR208W,0,-1
YPL265W,0,-1
YLR318W,-1,-1
YMR119W,0,-1
YPL087W,1,-1
YOR355W,0,0
YHL015W,0,-1
YML010W,-1,-1
YOL009C,-1,-1
YGL125W,1,-1
YOR266W,1,-1
YPR067W,1,-1
YBR170C,-1,1
YGL036W,0,-1
YBR081C,0,1
YKL141W,1,0
YGR105W,-1,-1
YLR100W,1,-1
YGR016W,-1,0
YCR020W-B,-1,0
YJL073W,-1,-1
YLR011W,0,-1
YLR408C,1,-1
YMR209C,-1,-1
YLR319C,-1,-1
YPL177C,0,-1
YDL099W,-1,-1
YJR142W,1,-1
YJR053W,1,1
YER058W,0,0
YHL016C,-1,-1
YDR168W,1,0
YML011C,-1,-1
YDR079W,-1,-1
YOR267C,0,-1
YPR068C,1,-1
YOR178C,0,0
YGL037C,0,1
YHR184W,1,-1
YLL032C,1,-1
YBR299W,-1,0
YGR294W,0,0
YMR090W,0,-1
YOR089C,1,-1
YAR002W,0,-1
YJL163C,0,0
YGR106C,0,-1
YJL074C,-1,-1
YLR012C,0,-1
YNL208W,0,1
YJR143C,-1,-1
YDR258C,1,1
YCR060W,-1,0
YNL119W,0,-1
YAL023C,1,1
YDR169C,0,0
YHR185C,0,-1
YMR180C,1,-1
YHR096C,0,0
YGR295C,0,0
YLR290C,1,-1
YMR091C,1,-1
YPL266W,1,0
YPL088W,0,1
YDR040C,0,0
YML100W,1,-1
YMR182W-A,0,0
YPR157W,0,0
YGL215W,0,0
YOR356W,0,-1
YGL126W,-1,1
YBR260C,1,-1
YKL142W,1,1
YBR082C,0,0
YFL058W,0,-1
YGR017W,0,0
YCL026C-A,0,0
YLR409C,-1,1
YKL183C-A,-1,-1
YDL189W,0,-1
YCL026C-B,0,-1
YNL090W,1,0
YDR436W,0,1
YPL089C,0,0
YIL095W,0,-1
YFR038W,-1,-1
YER148W,-1,-1
YDR347W,0,-1
YBL002W,0,-1
YER059W,0,0
YJR054W,1,0
YML101C,-1,-1
YOR357C,-1,-1
YGL127C,-1,1
YPR069C,-1,1
YOR268C,-1,0
YNR070W,0,0
YOR179C,0,0
YGL038C,1,-1
YDR079C-A,-1,-1
YKL054C,1,1
YDL060W,0,-1
YAR003W,-1,-1
YJL164C,0,0
YLR102C,1,-1
YOL070C,-1,-1
YNL180C,0,-1
YIL096C,0,-1
YFR039C,0,-1
YNL209W,1,0
YER149C,0,-1
YDR348C,0,-1
YBL003C,0,-1
YGL258W-A,1,0
YDR259C,0,1
YCR061W,0,0
YAL024C,1,1
YBR171W,-1,-1
YMR270C,1,-1
YNR071C,0,0
YMR181C,1,1
YHR186C,-1,0
YHR097C,0,0
YLR291C,1,1
YMR092C,0,1
YPL267W,1,1
YDL061C,0,1
YPL178W,0,-1
YDR130C,1,1
YLR307C-A,0,-1
YMR272W-B,-1,-1
YPR158W,0,0
YGL216W,0,0
YHL017W,1,-1
YML012W,1,-1
YBR261C,1,1
YBR172C,1,-1
YLL033W,-1,-1
YKL143W,-1,1
YFL059W,-1,0
YLR013W,0,0
YDR437W,1,0
YNL091W,1,1
YKR034W,0,1
YJR144W,-1,-1
YJR055W,0,0
YGL041C-B,-1,-1
YGL128C,1,1
YDR169C-A,0,0
YLR380W,0,1
YEL040W,0,-1
YLL034C,-1,-1
YGR296W,0,0
YDL150W,-1,1
YKL144C,-1,-1
YKL055C,1,1
YPL050C,0,-1
YLR103C,0,1
YJL165C,0,-1
YER020W,0,1
YNL270C,-1,0
YLR014C,-1,0
YDR041W,0,-1
YDR349C,0,0
YJR145C,0,-1
YOR051C,0,0
YJR056C,0,0
YAL025C,1,0
YFL020C,0,0
YMR271C,0,1
YBR083W,0,1
YMR182C,0,1
YLR292C,1,1
YHR098C,0,0
YPL268W,1,1
YER110C,1,0
YPL179W,0,0
YDR119W-A,1,-1
YDR131C,1,1
YGL041W-A,-1,-1
YDR042C,0,-1
YML102W,0,-1
YML013W,1,1
YHL018W,-1,1
YOR358W,-1,1
YPR159W,0,0
YBR262C,-1,1
YOR269W,-1,-1
YBR173C,-1,1
YGL039W,0,-1
YGR108W,0,-1
YGR019W,0,-1
YJL076W,-1,-1
YOL071W,1,-1
YDR527W,1,0
YNL181W,0,-1
YDR438W,0,1
YNL092W,1,1
YPR030W,0,1
YIL097W,-1,-1
YBL004W,0,-1
YOR140W,0,0
YML103C,0,1
YHL019C,-1,1
YGL129C,1,-1
YNR072W,0,-1
YEL041W,0,0
YHR187W,-1,-1
YDL240W,0,0
YLR381W,1,-1
YPL140C,0,0
YMR093W,0,1
YKL056C,1,1
YGR109C,0,-1
YOL161C,0,0
YER021W,1,1
YNL271C,0,1
YJL077C,-1,0
YNL182C,0,1
YPR120C,0,0
YIL098C,-1,-1
YKR036C,1,-1
YOR141C,-1,0
YCR063W,0,0
YOR052C,0,0
YAL026C,0,-1
YMR272C,-1,0
YBR084W,1,-1
YNR073C,0,-1
YHR188C,-1,-1
YLR382C,0,-1
YMR183C,-1,0
YLR293C,0,1
YPL269W,1,1
YDL063C,1,-1
YER111C,0,1
YDR310C,0,0
YDR132C,0,1
YDR043C,0,0
YML014W,-1,1
YOR359W,1,-1
YLL035W,-1,-1
YKL145W,1,-1
YPL051W,1,-1
YJL166W,1,-1
YLR104W,0,-1
YOL072W,-1,1
YLR015W,-1,-1
YDR528W,0,-1
YDR439W,1,0
YPR031W,1,1
YOR230W,0,1
YNL093W,1,1
YBL005W,-1,0
YML104C,1,1
YJR057W,0,-1
YML015C,-1,1
YGL219C,0,-1
YFL021W,0,0
YEL042W,1,0
YDL241W,0,0
YLL036C,-1,1
YHR099W,0,-1
YMR094W,1,-1
YPL141C,0,-1
YFR001W,0,1
YKL057C,1,-1
YLR105C,0,-1
YER022W,1,1
YDR221W,-1,0
YOL073C,-1,1
YJL078C,-1,0
YLR016C,-1,-1
YNL272C,1,-1
YNL183C,1,1
YDR529C,1,-1
YOR320C,0,-1
YKR037C,1,1
YBL006C,-1,1
YGL001C,0,-1
YBR263W,-1,-1
YJR058C,0,-1
YFL022C,0,-1
YNR074C,0,0
YGR080W,1,-1
YBR085W,0,0
YMR273C,1,-1
YPR036W-A,0,-1
YDL153C,-1,-1
YMR095C,-1,-1
YAR007C,-1,-1
YGL190C,0,0
YBR264C,-1,-1
YPL230W,0,0
YBR086C,0,0
YKL146W,0,1
YGR081C,-1,-1
YPL052W,-1,1
YHR086W-A,0,1
YJL167W,0,1
YOL162W,1,0
YPR121W,0,0
YOR231W,1,1
YNL094W,0,1
YIL099W,0,-1
YPR032W,1,-1
YJR147W,0,1
YOR142W,-1,0
YML105C,1,-1
YAL027W,1,-1
YML016C,1,0
YEL043W,1,1
YHR189W,-1,1
YMR184W,-1,1
YLR383W,0,-1
YFR002W,1,-1
YDR400W,1,-1
YDL064W,-1,-1
YPL053C,-1,-1
YDR311W,0,0
YLR106C,-1,0
YJL168C,0,1
YER112W,0,-1
YER023W,1,1
YDR222W,0,0
YJL079C,0,0
YGR240C-A,1,0
YDR320C-A,-1,1
YNL095C,0,0
YKR038C,0,1
YDR044W,0,-1
YPR033C,0,-1
YBL007C,1,-1
YOR143C,1,0
YCR065W,0,1
YOR054C,1,0
YHR060W,1,-1
YBR175W,-1,1
YGR170W,-1,-1
YMR274C,1,1
YDL243C,0,-1
YLR384C,1,-1
YLR295C,0,0
YFR003C,-1,-1
YDL065C,-1,-1
YER113C,0,-1
YDR045C,1,-1
YHR061C,1,-1
YPL231W,0,0
YGR171C,1,-1
YKL058W,0,-1
YOL163W,0,1
YLR017W,-1,-1
YNL273W,0,-1
YPR122W,0,0
YJL133C-A,0,-1
YMR158C-A,0,-1
YOR321W,0,-1
YOR232W,1,0
YJR148W,1,1
YGL002W,-1,-1
YJR059W,0,0
YAL028W,0,1
YFL023W,0,-1
YNR075W,0,-1
YDR182W-A,1,1
YMR185W,1,1
YLL038C,1,0
YEL044W,0,1
YKL148C,0,1
YDL154W,1,-1
YMR096W,-1,-1
YKL059C,0,0
YIL060W,0,0
YAR008W,-1,0
YDR312W,0,-1
YER024W,1,1
YOR192C-C,0,0
YDR223W,0,0
YLR018C,0,-1
YNL274C,0,-1
YOL075C,1,-1
YGL191W,0,0
YNL185C,1,-1
YOR322C,1,-1
YNL096C,0,0
YDR034C-A,0,0
YOR144C,1,1
YGL003C,-1,0
YHR150W,0,-1
YBR265W,-1,1
YGR260W,0,-1
YCR066W,1,-1
YFL024C,0,0
YBR176W,1,-1
YAL029C,0,-1
YMR275C,-1,1
YGR082W,-1,-1
YBR087W,0,-1
YLR385C,-1,1
YIL150C,1,1
YMR097C,1,-1
YIL061C,0,1
YDR402C,0,-1
YER114C,0,0
YDR313C,1,-1
YDR224C,0,0
YDR135C,0,0
YDR046C,0,1
YML106W,0,-1
YHR151C,0,-1
YML017W,0,0
YHR062C,1,1
YGR261C,1,-1
YCR067C,0,-1
YPL232W,1,0
YGR172C,-1,1
YBR177C,1,-1
YGR083C,1,-1
YBR088C,1,-1
YPL143W,0,-1
YPL054W,0,-1
YOL164W,0,0
YLR107W,-1,0
YPR034W,0,0
YKR039W,0,0
YDL007C-A,0,0
YOR233W,0,-1
YBR200W-A,1,1
YDR034W-B,0,1
YBL008W,1,-1
YJR149W,1,-1
YML107C,0,-1
YML018C,0,-1
YNR076W,-1,0
YLL039C,0,1
YDL244W,0,-1
YMR186W,1,-1
YDL155W,1,1
YKL149C,1,-1
YPL055C,0,1
YFR004W,-1,-1
YDL066W,-1,-1
YLR108C,0,0
YOL165C,0,0
YER025W,1,0
YOR323C,1,1
YGL192W,-1,0
YNL097C,0,1
YIR041W,0,0
YOR234C,0,-1
YGL004C,0,1
YOR145C,-1,1
YOR056C,0,1
YKL020C,-1,1
YFL025C,0,-1
YJL130C,0,1
YEL046C,0,0
YDL245C,0,0
YMR187C,1,-1
YMR098C,0,1
YIL151C,1,-1
YIL062C,1,1
YDL067C,-1,1
YFR005C,-1,-1
YER115C,1,0
YDR314C,1,1
YJR021C,-1,1
YER026C,0,0
YGL193C,-1,1
YLR312W-A,0,0
YIR042C,0,0
YHR063C,1,1
YGR262C,1,1
YPL233W,0,1
YGR084C,1,1
YPL144W,0,0
YFL041W-A,0,1
YLR019W,0,-1
YNL275W,1,-1
YOL076W,-1,-1
YPR124W,0,0
YNL186W,1,-1
YPR035W,0,0
YBL009W,-1,1
YMR276W,-1,1
YJL041W,1,-1
YLR386W,-1,-1
YPL234C,0,-1
YDL156W,-1,1
YPL145C,0,0
YLR264C-A,1,-1
YLR297W,0,-1
YPL056C,1,1
YDR403W,0,-1
YJR110W,0,-1
YDR225W,0,0
YOL077C,-1,-1
YOR324C,0,1
YNL098C,1,1
YDR047W,0,1
YHR152W,0,-1
YGL005C,1,-1
YBR267W,1,1
YCR068W,0,1
YKL110C,0,-1
YKL021C,1,1
YGR173W,-1,0
YJL131C,1,-1
YEL047C,0,1
YMR188C,-1,1
YDL246C,0,0
YLR387C,0,-1
YMR099C,0,0
YDL157C,-1,-1
YLR298C,0,-1
YKR001C,0,0
YIL063C,1,-1
YDR404C,-1,-1
YER116C,0,1
YDR315C,-1,1
YJR111C,-1,-1
YER027C,1,0
YGL194C,1,1
YML108W,1,-1
YHR153C,-1,-1
YML019W,1,-1
YHR064C,1,1
YGR263C,1,1
YBR179C,0,1
YGR174C,-1,0
YGR085C,0,1
YLR109W,0,-1
YPR125W,0,0
YNL187W,1,1
YPR036W,0,0
YBR050C,0,1
YOR057W,0,-1
YFL026W,0,-1
YMR277W,1,1
YJL042W,1,1
YIL152W,1,-1
YPL146C,0,-1
YPL057C,1,0
YFR006W,-1,0
YDR226W,0,1
YJR022W,-1,-1
YDR137W,0,1
YER014C-A,-1,-1
YNL099C,1,-1
YPR037C,-1,-1
YCR069W,1,-1
YBR268W,1,0
YOR058C,0,-1
YFL027C,0,1
YKL022C,1,-1
YJL221C,0,0
YLR080W,1,0
YEL048C,1,0
YDL069C,1,-1
YER028C,0,1
YML109W,0,1
YAR071W,0,0
YHR065C,-1,1
YGR264C,0,1
YBR269C,1,0
YJL077W-B,-1,0
YMR060C,-1,-1
YLR170C,1,1
YGR175C,1,-1
YPL235W,0,-1
YGR086C,0,0
YCL050C,0,-1
YNL277W,1,1
YOL078W,-1,1
YNL188W,1,1
YCR030C,0,1
YOR236W,0,1
YGL006W,1,-1
YBR140C,1,-1
YLL001W,1,0
YOR147W,-1,-1
YJL132W,1,-1
YMR278W,1,-1
YJL043W,-1,1
YDL247W,0,0
YLR388W,0,0
YMR189W,-1,-1
YPL236C,0,-1
YIL153W,-1,1
YLR299W,0,0
YFR007W,0,1
YDR405W,-1,0
YKR002W,0,1
YIL064W,-1,-1
YPL058C,0,0
YDR316W,-1,0
YJR112W,-1,1
YER117W,0,-1
YML080W,1,1
YDR227W,1,-1
YGL195W,1,-1
YDR138W,1,0
YDR049W,1,0
YKL201C,0,0
YHR154W,-1,0
YOR148C,0,-1
YOR059C,1,0
YFL028C,1,1
YLR081W,0,-1
YMR279C,0,-1
YJL044C,-1,-1
YLR389C,-1,0
YIL154C,-1,1
YIL065C,-1,0
YER118C,1,-1
YJR113C,0,-1
YER029C,-1,0
YDR228C,0,-1
YJR024C,1,-1
YDR139C,-1,0
YNL042W-B,0,0
YMR150C,0,-1
YGR087C,0,0
YLR082C,0,-1
YPL147W,-1,-1
YBL072C,1,0
YNL278W,1,1
YNL189W,0,1
YOR326W,0,-1
YPR127W,0,-1
YOR237W,1,1
YCR031C,0,0
YBR230C,-1,1
YLL002W,1,1
YBR141C,-1,1
YBR052C,1,0
YKL112W,0,-1
YKL023W,-1,-1
YJL222W,0,0
YJL133W,0,1
YDL248W,0,0
YEL049W,0,0
YDL159W,1,-1
YPL148C,-1,-1
YFR008W,1,0
YDR406W,0,-1
YKR003W,1,-1
YDR317W,0,1
YML081W,0,1
YGL196W,0,1
YOR327C,0,-1
YPR128C,-1,-1
YNR040W,-1,-1
YGL008C,1,0
YOR149C,0,0
YHR155W,0,0
YHR066W,-1,1
YKL113C,0,1
YLR260W,0,-1
YMR061W,-1,-1
YDL030W,1,1
YKL024C,1,1
YJL223C,0,0
YFL029C,1,-1
YER056C-A,0,0
YOL040C,0,0
YDL160C-A,0,-1
YCL051W,-1,-1
YIL155C,1,-1
YIL066C,0,1
YDR407C,1,-1
YKR004C,1,-1
YER119C,-1,1
YJR025C,0,1
YOR020C,0,-1
YMR240C,0,1
YNR041C,-1,-1
YHR156C,0,0
YIL002W-A,1,-1
YMR062C,0,-1
YGR177C,0,1
YLR172C,-1,1
YPL237W,1,-1
YLR083C,1,0
YCL052C,-1,-1
YPL059W,0,0
YNL279W,0,1
YOR238W,1,1
YBR231C,-1,0
YLL003W,1,1
YBR053C,0,1
YJL134W,0,-1
YJL045W,0,-1
YFR009W,0,1
YNL061W,-1,-1
YDR318W,1,-1
YDR229W,0,-1
YML082W,0,-1
YGL197W,1,0
YCL057C-A,-1,-1
YGL009C,0,-1
YKL203C,0,-1
YLR350W,0,-1
YHR067W,1,1
YKL114C,1,1
YGR266W,0,-1
YDL120W,-1,-1
YKL025C,1,1
YDL031W,-1,1
YPL020C,1,0
YGR088W,0,0
YNL240C,0,0
YOL041C,0,-1
YDR100W,0,-1
YNL151C,0,-1
YIL067C,1,1
YDR011W,0,0
YKR005C,1,1
YDR408C,0,1
YNL062C,-1,-1
YDR319C,1,-1
YCR032W,0,1
YML083C,0,1
YOR021C,1,0
YBR142W,-1,-1
YLR440C,1,-1
YLR351C,0,-1
YGR267C,1,-1
YDL121C,-1,-1
YLR262C,0,-1
YGR178C,1,0
YLR084C,1,1
YER090W,0,-1
YPL149W,1,-1
YDR101C,0,-1
YBL074C,0,1
YOR328W,0,-1
YPR129W,-1,-1
YOR239W,1,1
YLL004W,0,1
YBR143C,0,-1
YIR021W-A,1,1
YOL130W,0,0
YJL046W,-1,0
YER180C,1,-1
YIL156W,1,-1
YER091C,0,-1
YOR110W,1,1
YJR115W,0,1
YGL198W,-1,1
YOR329C,1,-1
YMR241W,0,-1
YMR152W,0,1
YHR157W,0,-1
YEL011W,0,0
YDL210W,0,-1
YLL005C,0,-1
YMR063W,0,1
YHR068W,1,-1
YPL110C,0,-1
YJL225C,0,0
YLR173W,-1,1
YKL026C,1,-1
YGR089W,0,0
YNL330C,1,0
YJL136C,0,-1
YJL047C,-1,1
YNL241C,0,-1
YIL157C,-1,-1
YIL068C,1,0
YDR012W,0,1
YKR006C,-1,1
YCR033W,1,1
YOR022C,1,1
YLR441C,1,1
YBR054W,0,-1
YMR242C,-1,-1
YHR158C,-1,-1
YDL211C,0,-1
YGR268C,0,1
YHR069C,-1,-1
YMR105W-A,-1,-1
YGR179C,1,1
YDL033C,-1,0
YPL239W,0,1
YFL017W-A,0,-1
YLR085C,-1,1
YPR190C,-1,-1
YBL075C,1,1
YGL070C,-1,-1
YHR213W-A,0,1
YKL106C-A,-1,-1
YHR213W-B,1,0
YKL204W,1,-1
YBR055C,0,-1
YER048W-A,0,0
YPL021W,0,0
YOL131W,1,0
YOL042W,-1,-1
YNL152W,-1,-1
YPR001W,0,0
YIL134C-A,0,1
YDR409W,0,-1
YNL063W,0,-1
YOR111W,1,1
YJR116W,1,1
YNR043W,-1,0
YEL012W,0,0
YLR352W,0,0
YMR153W,1,-1
YMR064W,1,1
YLR263W,0,1
YDL122W,0,-1
YKL116C,1,-1
YLR174W,1,1
YJL137C,-1,1
YNL331C,0,-1
YCL054W,0,-1
YJL048C,1,-1
YOL043C,-1,-1
YNL153C,-1,1
YIL069C,0,1
YDR013W,1,1
YOR201C,-1,1
YER188C-A,0,0
YNL064C,0,-1
YML085C,1,0
YBR233W,-1,1
YOR023C,0,1
YCR034W,1,-1
YLR442C,-1,1
YMR243C,0,-1
YMR154C,-1,-1
YDR380W,0,1
YER092W,0,-1
YDR291W,-1,-1
YHL050C,1,0
YBL076C,1,1
YHR030C,1,1
YCR035C,-1,-1
YBR234C,-1,-1
YKR035W-A,1,-1
YKL205W,-1,1
YLL006W,1,-1
YPL200W,-1,-1
YER138W-A,0,0
YPL111W,0,-1
YPL022W,-1,0
YKL027W,1,-1
YOL132W,0,1
YDR470C,0,-1
YNL242W,1,-1
YIL158W,1,-1
YER093C,1,-1
YDR292C,0,-1
YKR007W,-1,1
YPR002W,0,0
YOR112W,1,1
YJR117W,1,-1
YNR044W,0,1
YEL013W,0,0
YPL201C,-1,1
YHR159W,-1,-1
YDL212W,-1,-1
YKL206C,-1,-1
YLL007C,-1,-1
YLR353W,0,-1
YDL123W,1,0
YMR065W,1,1
YPL112C,0,1
YLR264W,1,-1
YLR175W,1,-1
YPL023C,-1,-1
YJL138C,1,0
YLR086W,-1,-1
YCL055W,0,0
YPR191W,-1,0
YOR390W,0,0
YGL160W,-1,1
YDR103W,0,-1
YNL154C,1,-1
YDR014W,1,0
YGL071W,0,-1
YPR003C,1,0
YJR118C,1,-1
YML086C,0,1
YGR140W,0,1
YBR145W,0,1
YBR056W,0,0
YDL213C,-1,0
YLR354C,0,-1
YLR265C,1,1
YDL035C,0,1
YIL030C,0,-1
YER182W,0,-1
YDR381W,1,-1
YLR176C,0,-1
YLR087C,-1,-1
YCL056C,0,-1
YOR391C,0,0
YGL161C,-1,-1
YDR104C,1,-1
YHR031C,-1,1
YBR057C,1,0
YKL117W,0,-1
YKL028W,0,1
YOL133W,-1,0
YNL332W,0,-1
YNL243W,0,1
YER183C,0,-1
YJL049W,1,-1
YOL044W,1,-1
YDR293C,0,0
YIL159W,-1,1
YER094C,0,1
YOR202W,-1,1
YKR008W,1,-1
YNL065W,0,-1
YOR113W,1,0
YNR045W,1,1
YLR443W,-1,1
YMR244W,0,-1
YMR155W,-1,-1
YPL202C,1,0
YPL113C,1,1
YDL124W,0,1
YMR066W,1,-1
YKL029C,0,0
YJL139C,0,-1
YGL250W,-1,1
YNL244C,0,1
YPR192W,0,-1
YPR004C,0,1
YIR010W,0,-1
YKR009C,0,-1
YHR120W,1,1
YJR119C,0,1
YGR230W,0,-1
YCR036W,-1,-1
YBR235W,-1,-1
YML087C,1,-1
YGR141W,1,1
YBR146W,1,1
YGR052W,0,-1
YDL214C,0,0
YJL010C,1,0
YLR355C,0,0
YGR271C-A,1,-1
YMR156C,1,-1
YDR471W,0,0
YDL125C,0,1
YLR266C,-1,1
YMR067C,0,-1
YDL036C,1,0
YDR382W,0,-1
YGL251C,-1,1
YPR193C,0,-1
YDR105C,-1,1
YIR011C,-1,-1
YHR210C,0,-1
YDR016C,1,-1
YBL078C,1,0
YGR231C,-1,-1
YCR037C,1,-1
YBR236C,-1,-1
YKL207W,1,-1
YLL008W,-1,-1
YBR058C,1,1
YGR053C,0,-1
YPL024W,0,-1
YNL333W,-1,0
YER184C,0,0
YOL045W,0,1
YDR383C,0,-1
YDR294C,1,0
YJR090C,0,-1
YNL155W,0,-1
YNL066W,0,0
YOR114W,0,-1
YOR025W,0,1
YNR046W,1,1
YEL015W,-1,0
YLL009C,-1,0
YIL120W,0,0
YKL119C,0,-1
YIL031W,0,-1
YLR177W,0,-1
YOL135C,-1,0
YLR088W,-1,-1
YNL334C,-1,-1
YCL057W,-1,-1
YNL245C,1,-1
YGL162W,0,-1
YNL156C,0,-1
YPR005C,0,0
YGL073W,0,0
YHR121W,1,1
YOR115C,1,-1
YHR032W,-1,1
YGR142W,1,0
YBR147W,1,1
YDL215C,0,1
YJL011C,0,0
YMR157C,-1,1
YEL016C,-1,-1
YDR472W,0,-1
YDL126C,1,-1
YDL037C,0,0
YLR178C,1,-1
YER095W,0,0
YLR089C,0,-1
YCL058C,-1,1
YPR194C,0,0
YGL252C,1,-1
YGL006W-A,0,1
YGL163C,0,1
YDR017C,1,1
YCR038C,1,1
YKL208W,0,1
YPL203W,1,0
YBR059C,1,1
YDR473C,0,-1
YDR384C,0,0
YJR091C,0,0
YDR295C,0,1
YNL067W,1,0
YOR204W,1,0
YOR026W,1,1
YML088W,0,-1
YNR047W,1,1
YLR445W,1,1
YJL100W,0,1
YMR246W,0,0
YLR356W,0,1
YKL209C,0,-1
YIL121W,0,0
YMR068W,0,1
YLR267W,-1,1
YPL115C,1,-1
YPL026C,0,-1
YOL136C,0,-1
YOR393W,0,0
YOL047C,0,1
YDR106W,-1,0
YPR006C,1,0
YHR211W,0,0
YNL068C,0,0
YIR012W,-1,-1
YBL079W,0,0
YOR205C,-1,0
YHR122W,1,1
YHR199C-A,-1,1
YOR116C,0,1
YKL090W,0,1
YHR033W,1,-1
YGR232W,-1,-1
YBR237W,-1,0
YGR143W,0,0
YBR148W,1,1
YGR054W,0,0
YJL101C,0,0
YMR247C,0,0
YDL216C,1,1
YJL012C,0,1
YKR070W,1,-1
YER053C-A,0,0
YIL033C,0,1
YLR179C,0,1
YER185W,0,0
YER096W,0,0
YCL059C,1,1
YAL060W,1,1
YGL164C,1,-1
YDR107C,-1,0
YDR018C,1,1
YGL075C,0,0
YIR013C,0,-1
YCR039C,-1,1
YKL091C,0,1
YHR034C,-1,-1
YGR233C,0,-1
YBR238C,0,0
YPL204W,0,1
YLR050C,1,1
YKR071C,1,-1
YNL335W,0,-1
YER186C,0,0
YBL040C,0,-1
YNL246W,1,-1
YNL157W,1,-1
YOR027W,1,0
YLR446W,1,-1
YNR048W,1,-1
YLR357W,1,1
YEL017W,0,-1
YMR158W,-1,-1
YIL122W,0,0
YMR069W,1,0
YLR268W,1,1
YDL127W,0,-1
YGL253W,0,-1
YOL048C,1,-1
YOR394W,0,0
YPR007C,0,1
YNL069C,0,-1
YHR123W,1,1
YEL076C-A,1,1
YKL180W,0,-1
YOR028C,0,0
YGR144W,0,1
YBR149W,1,-1
YGR055W,0,0
YLR447C,0,-1
YNR049C,1,-1
YMR159C,-1,0
YDL217C,1,0
YJL013C,1,-1
YIL034C,1,1
YDL039C,0,0
YDR385W,0,1
YDR296W,0,0
YAL061W,0,1
YGL076C,0,1
YDR019C,1,1
YBR020W,0,0
YBR085C-A,0,0
YBR239C,0,0
YKL092C,1,-1
YLR051C,-1,1
YPL116W,0,-1
YPL027W,1,-1
YDR475C,1,0
YNL336W,0,0
YKR072C,0,1
YOL137W,-1,-1
YNL247W,-1,1
YJR093C,1,0
YNL158W,-1,1
YOR206W,-1,-1
YOR117W,0,0
YPR170W-B,0,1
YJL102W,-1,0
YEL018W,-1,-1
YPL206C,0,-1
YIL123W,0,0
YDL128W,0,0
YPL117C,0,-1
YOL138C,-1,1
YGL188C-A,0,1
YGL254W,1,0
YPR196W,0,0
YNL248C,-1,1
YML050W,1,-1
YDR108W,-1,-1
YNL159C,-1,0
YHR213W,1,0
YIR014W,0,1
YOR207C,-1,-1
YKL181W,1,0
YHR124W,1,0
YHR035W,-1,1
YGR234W,0,-1
YMR030W,0,-1
YGR145W,1,-1
YHR022C-A,-1,0
YGR056W,0,-1
YJL103C,-1,0
YEL019C,-1,1
YIL035C,1,-1
YER187W,0,0
YDR386W,1,-1
YBL041W,0,-1
YER098W,0,-1
YDR297W,0,0
YAL062W,0,0
YDR109C,-1,-1
YBR110W,0,0
YGL077C,1,1
YBR021W,0,1
YMR120C,1,-1
YAR042W,-1,0
YGR235C,1,-1
YMR031C,0,-1
YGR146C,1,-1
YGR057C,0,-1
YBL008W-A,1,1
YPL028W,1,1
YDR476C,0,1
YDR387C,-1,-1
YBL042C,0,0
YOL049W,1,-1
YJR094C,0,1
YER099C,0,-1
YDR298C,0,0
YPR008W,0,0
YAL063C,0,0
YBR111C,-1,0
YOR118W,0,-1
YLR448W,0,0
YLR359W,1,1
YDL218W,0,0
YJL014W,1,-1
YIL124W,1,0
YDL129W,1,0
YNL030W,0,-1
YOL139C,1,-1
YHR072W-A,1,0
YGL255W,0,1
YML051W,1,1
YOR396W,0,0
YNL249C,1,-1
YGL166W,0,-1
YIR015W,1,1
YLR287C-A,1,1
YHR214W,0,0
YNR010W,1,-1
YKL182W,0,1
YOR119C,0,-1
YHR036W,1,1
YKL093W,1,-1
YLR141W,-1,1
YLR052W,-1,-1
YNL031C,0,-1
YBR200W,0,1
YGL167C,0,-1
YGL078C,1,-1
YBR022W,1,-1
YNR011C,-1,-1
YMR121C,0,1
YHR126C,0,0
YGR236C,1,1
YLR231C,1,0
YGR147C,1,0
YPL207W,1,-1
YLR053C,1,-1
YPL118W,-1,-1
YPL029W,1,1
YDR080W,-1,-1
YOR090C,0,1
YCR002C,-1,0
YMR242W-A,-1,-1
YOR208W,-1,-1
YPR009W,0,-1
YLR099W-A,-1,1
YBR112C,0,-1
YBR023C,0,-1
YDL190C,0,-1
YLR449W,0,0
YJL104W,0,0
YDL219W,-1,0
YOL010W,0,-1
YIL125W,0,1
YPL119C,-1,1
YDR170C,0,0
YIL036W,0,-1
YNL339C,0,0
YDR081C,-1,-1
YGL256W,0,0
YML052W,0,1
YPR198W,0,0
YHR215W,0,0
YMR210W,-1,1
YIR016W,1,-1
YOR209C,0,-1
YKL183W,-1,0
YLR320W,-1,-1
YHR037W,1,1
YKL094W,1,1
YMR032W,0,1
YLR142W,1,0
YDL001W,-1,0
YGR058W,0,1
YDR477W,0,1
YNL121C,0,1
YKR074W,0,-1
YMR194C-B,0,0
YIL037C,0,1
YER189W,0,1
YDR388W,-1,0
YBL043W,1,0
YJR095W,0,1
YDR299W,0,-1
YML053C,0,0
YGL257C,0,0
YBR201W,1,-1
YPR199C,1,0
YAL064W,0,0
YMR300C,1,1
YIR017C,-1,-1
YER087C-B,1,-1
YLR321C,1,-1
YGR237C,1,1
YPL090C,0,-1
YGR148C,0,1
YPL208W,-1,1
YDL002C,-1,0
YER060W,0,1
YLR054C,1,1
YKR075C,0,-1
YOR180C,0,0
YAL065C,-1,0
YFL060C,-1,-1
YJL105W,0,0
YOL100W,0,-1
YJL016W,0,1
YPL209C,-1,1
YOL011W,0,0
YNL210W,0,1
YDR260C,1,0
YIL126W,-1,0
YER061C,1,-1
YNL032W,0,-1
YGL168W,1,-1
YHR216W,0,0
YLR410W,-1,0
YGL079W,1,-1
YMR211W,1,-1
YNR012W,-1,-1
YHR127W,0,1
YKL184W,1,-1
YKL095W,1,1
YHR038W,1,-1
YMR033W,1,-1
YLR143W,0,-1
YGR059W,1,0
YOL101C,0,1
YOL012C,0,0
YNL211C,0,-1
YPR070W,-1,0
YIL127C,-1,-1
YDR478W,1,-1
YNL122C,1,-1
YBL044W,-1,1
YIL038C,1,-1
YDR389W,0,-1
YJR096W,1,1
YOR091W,0,0
YBR202W,0,0
YCR003W,-1,-1
YML054C,1,-1
YCR024C-A,0,1
YMR301C,1,1
YCR024C-B,1,1
YBR024W,0,-1
YMR212C,-1,-1
YNR013C,0,-1
YDL191W,0,-1
YAR002C-A,-1,-1
YGR238C,0,1
YLR233C,-1,1
YHR039C,1,-1
YFR040W,0,-1
YMR034C,-1,-1
YBL071C-B,-1,1
YER150W,0,0
YLR144C,-1,-1
YLR055C,0,1
YDR171W,0,0
YDR082W,-1,1
YDR479C,0,-1
YOR270C,1,-1
YGL040C,0,-1
YBL045C,-1,-1
YCR004C,0,-1
YGR020C,-1,-1
YBR025C,0,-1
YNL300W,0,1
YJL106W,0,0
YFR041C,-1,-1
YDR350C,-1,0
YER151C,1,0
YER062C,0,1
YDR261C,0,1
YNL033W,0,0
YGL258W,0,0
YGL169W,0,1
YLR411W,0,1
YIR018W,-1,-1
YPL180W,1,0
YMR123W,0,1
YKL185W,0,1
YHR128W,1,-1
YKL096W,0,1
YBL071W-A,-1,0
YPL091W,1,-1
YGR149W,0,-1
YDL003W,0,0
YNL301C,0,0
YJL107C,0,1
YML081C-A,0,-1
YOL102C,1,-1
YDL133C-A,0,0
YCL024W,0,0
YOL013C,0,-1
YPR160W,0,-1
YPR071W,0,0
YKR076W,0,1
YOR181W,0,-1
YJR097W,1,-1
YOR092W,0,0
YFL061W,0,-1
YBR203W,0,-1
YMR302C,0,1
YBR114W,0,-1
YIR019C,0,0
YDL192W,0,0
YLR323C,-1,1
YKL186C,0,0
YHR129C,0,-1
YGR239C,0,0
YHL020C,1,1
YCL025C,0,0
YDR172W,0,-1
YOR360C,0,-1
YPR161C,1,-1
YOR271C,0,1
YDR083W,1,-1
YOR182C,-1,-1
YJR098C,-1,-1
YOR093C,-1,0
YCR005C,0,0
YBR204C,-1,-1
YAL067C,0,0
YBR115C,1,-1
YNR034W-A,0,-1
YBR026C,1,0
YER152C,1,1
YNL212W,-1,-1
YIL128W,0,-1
YNL123W,1,-1
YNL034W,0,0
YIL039W,1,-1
YDR173C,-1,-1
YDR084C,1,-1
YGL259W,0,1
YML055W,0,-1
YHR218W,0,1
YPL270W,1,1
YNR014W,0,1
YMR213W,-1,1
YLR412W,1,0
YMR124W,1,1
YPL181W,0,1
YPL092W,0,1
YLR234W,-1,0
YMR035W,-1,-1
YDL004W,0,0
YLR145W,-1,-1
YJL108C,1,1
YLR056W,0,1
YNL302C,0,-1
YNL213C,-1,-1
YKR077W,1,1
YIL129C,0,-1
YGL130W,-1,-1
YPR072W,0,-1
YBL046W,-1,-1
YNL035C,0,0
YFL062W,0,0
YML056C,0,-1
YGR110W,0,0
YMR303C,0,0
YDL085C-A,0,-1
YGR021W,-1,0
YDL193W,1,0
YKL187C,0,1
YFR042W,-1,-1
YDR440W,0,-1
YMR036C,0,-1
YDR351W,-1,0
YDL005C,0,-1
YLR146C,-1,-1
YER063W,0,-1
YDR262W,0,-1
YHL021C,1,1
YPR162C,1,1
YOR361C,1,0
YGL131C,-1,-1
YPR073C,1,-1
YBL047C,-1,0
YPL119C-A,1,-1
YAL068C,-1,0
YGR200C,1,-1
YDR530C,-1,1
YFR043C,1,-1
YDR441C,0,-1
YOL103W,0,-1
YOL014W,0,0
YER153C,-1,1
YJL019W,-1,0
YNL124W,0,1
YER064C,0,-1
YDR263C,1,-1
YDR085C,0,1
YOR072W-B,0,1
YHR219W,1,0
YMR214W,1,1
YPL271W,0,1
YLR390W-A,1,-1
YLR413W,0,-1
YNR015W,1,-1
YLR324W,-1,-1
YMR125W,1,-1
YPL093W,-1,0
YKL098W,-1,0
YJL109C,1,1
YOL104C,0,0
YLR057W,1,-1
YGL220W,-1,-1
YKR078W,1,-1
YNL125C,0,-1
YOR272W,0,-1
YOR183W,-1,1
YJR099W,-1,-1
YOR094W,-1,-1
YHR001W,0,1
YBR205W,-1,1
YGR111W,0,1
YLR414C,1,-1
YNR016C,0,-1
YPL272C,0,0
YDL194W,0,1
YKL188C,1,-1
YLR325C,0,-1
YMR126C,0,-1
YPL183C,0,-1
YMR037C,0,0
YPL094C,-1,1
YKL099C,-1,1
YDR352W,0,0
YLR147C,-1,-1
YLR058C,1,-1
YHL022C,1,1
YOR362C,0,1
YGL221C,-1,1
YPR163C,0,1
YDR174W,-1,-1
YPR074C,0,1
YKR079C,0,-1
YOR273C,0,-1
YHR190W,1,-1
YOR095C,0,-1
YGR201C,1,1
YFL064C,0,1
YCR007C,0,0
YBR117C,0,1
YBR028C,1,1
YJL080C,0,1
YER190C-B,0,-1
YFR044C,0,1
YOL015W,0,0
YNL214W,1,-1
YER065C,0,0
YDR264C,0,1
YDR175C,-1,-1
YNL036W,0,0
YDR086C,1,0
YCL001W-A,0,1
YHR191C,-1,-1
YCL001W-B,1,0
YML057W,1,-1
YMR304W,0,-1
YMR215W,1,-1
